Type;Type.MemberType;Type.Namespace;Type.AssemblyQualifiedName;Type.FullName;Type.Assembly;Type.Module;Type.IsInterface;Type.IsNested;Type.DeclaringType;Type.DeclaringMethod;Type.ReflectedType;Type.UnderlyingSystemType;Type.IsTypeDefinition;Type.IsArray;Type.IsByRef;Type.IsPointer;Type.IsConstructedGenericType;Type.IsGenericParameter;Type.IsGenericTypeParameter;Type.IsGenericMethodParameter;Type.IsGenericType;Type.IsGenericTypeDefinition;Type.IsSZArray;Type.IsVariableBoundArray;Type.IsByRefLike;Type.IsFunctionPointer;Type.IsUnmanagedFunctionPointer;Type.HasElementType;Type.GenericTypeArguments;Type.GenericParameterPosition;Type.GenericParameterAttributes;Type.Attributes;Type.IsAbstract;Type.IsImport;Type.IsSealed;Type.IsSpecialName;Type.IsClass;Type.IsNestedAssembly;Type.IsNestedFamANDAssem;Type.IsNestedFamily;Type.IsNestedFamORAssem;Type.IsNestedPrivate;Type.IsNestedPublic;Type.IsNotPublic;Type.IsPublic;Type.IsAutoLayout;Type.IsExplicitLayout;Type.IsLayoutSequential;Type.IsAnsiClass;Type.IsAutoClass;Type.IsUnicodeClass;Type.IsCOMObject;Type.IsContextful;Type.IsEnum;Type.IsMarshalByRef;Type.IsPrimitive;Type.IsValueType;Type.IsSignatureType;Type.IsSecurityCritical;Type.IsSecuritySafeCritical;Type.IsSecurityTransparent;Type.StructLayoutAttribute;Type.TypeInitializer;Type.TypeHandle;Type.GUID;Type.BaseType;Type.IsSerializable;Type.ContainsGenericParameters;Type.IsVisible;Type.Name;Type.CustomAttributes;Type.IsCollectible;Type.MetadataToken
Umbraco.Cms.Infrastructure.Persistence.Dtos.UserDto;TypeInfo;Umbraco.Cms.Infrastructure.Persistence.Dtos;"Umbraco.Cms.Infrastructure.Persistence.Dtos.UserDto, Umbraco.Infrastructure, Version=17.1.0.0, Culture=neutral, PublicKeyToken=null";Umbraco.Cms.Infrastructure.Persistence.Dtos.UserDto;"Umbraco.Infrastructure, Version=17.1.0.0, Culture=neutral, PublicKeyToken=null";Umbraco.Infrastructure.dll;False;False;"";"Exception has been thrown by the target of an invocation.";"";Umbraco.Cms.Infrastructure.Persistence.Dtos.UserDto;True;False;False;False;False;False;False;False;False;False;False;False;False;False;False;False;[];"Exception has been thrown by the target of an invocation.";"Exception has been thrown by the target of an invocation.";"Public, BeforeFieldInit";False;False;False;False;True;False;False;False;False;False;False;False;True;True;False;False;True;False;False;False;False;False;False;False;False;False;True;False;False;System.Runtime.InteropServices.StructLayoutAttribute;"";System.RuntimeTypeHandle;54582904-7df7-3c2b-bd41-8dd660eb1830;System.Object;False;False;True;UserDto;"[[System.Runtime.CompilerServices.NullableContextAttribute((Byte)2)], [System.Runtime.CompilerServices.NullableAttribute((Byte)0)]...]";False;33555076
Umbraco.Cms.Infrastructure.Persistence.Dtos.NodeDto;TypeInfo;Umbraco.Cms.Infrastructure.Persistence.Dtos;"Umbraco.Cms.Infrastructure.Persistence.Dtos.NodeDto, Umbraco.Infrastructure, Version=17.1.0.0, Culture=neutral, PublicKeyToken=null";Umbraco.Cms.Infrastructure.Persistence.Dtos.NodeDto;"Umbraco.Infrastructure, Version=17.1.0.0, Culture=neutral, PublicKeyToken=null";Umbraco.Infrastructure.dll;False;False;"";"Exception has been thrown by the target of an invocation.";"";Umbraco.Cms.Infrastructure.Persistence.Dtos.NodeDto;True;False;False;False;False;False;False;False;False;False;False;False;False;False;False;False;[];"Exception has been thrown by the target of an invocation.";"Exception has been thrown by the target of an invocation.";"Public, BeforeFieldInit";False;False;False;False;True;False;False;False;False;False;False;False;True;True;False;False;True;False;False;False;False;False;False;False;False;False;True;False;False;System.Runtime.InteropServices.StructLayoutAttribute;"";System.RuntimeTypeHandle;fa9a26fe-f00b-32d4-879a-a667463b4169;System.Object;False;False;True;NodeDto;"[[System.Runtime.CompilerServices.NullableContextAttribute((Byte)1)], [System.Runtime.CompilerServices.NullableAttribute((Byte)0)]...]";False;33555056
Umbraco.Cms.Infrastructure.Persistence.Dtos.ContentTypeDto;TypeInfo;Umbraco.Cms.Infrastructure.Persistence.Dtos;"Umbraco.Cms.Infrastructure.Persistence.Dtos.ContentTypeDto, Umbraco.Infrastructure, Version=17.1.0.0, Culture=neutral, PublicKeyToken=null";Umbraco.Cms.Infrastructure.Persistence.Dtos.ContentTypeDto;"Umbraco.Infrastructure, Version=17.1.0.0, Culture=neutral, PublicKeyToken=null";Umbraco.Infrastructure.dll;False;False;"";"Exception has been thrown by the target of an invocation.";"";Umbraco.Cms.Infrastructure.Persistence.Dtos.ContentTypeDto;True;False;False;False;False;False;False;False;False;False;False;False;False;False;False;False;[];"Exception has been thrown by the target of an invocation.";"Exception has been thrown by the target of an invocation.";BeforeFieldInit;False;False;False;False;True;False;False;False;False;False;False;True;False;True;False;False;True;False;False;False;False;False;False;False;False;False;True;False;False;System.Runtime.InteropServices.StructLayoutAttribute;"";System.RuntimeTypeHandle;6b561f38-0e4a-3e45-89f3-8af7188e53cd;System.Object;False;False;False;ContentTypeDto;"[[System.Runtime.CompilerServices.NullableContextAttribute((Byte)2)], [System.Runtime.CompilerServices.NullableAttribute((Byte)0)]...]";False;33555026
Umbraco.Cms.Infrastructure.Persistence.Dtos.TemplateDto;TypeInfo;Umbraco.Cms.Infrastructure.Persistence.Dtos;"Umbraco.Cms.Infrastructure.Persistence.Dtos.TemplateDto, Umbraco.Infrastructure, Version=17.1.0.0, Culture=neutral, PublicKeyToken=null";Umbraco.Cms.Infrastructure.Persistence.Dtos.TemplateDto;"Umbraco.Infrastructure, Version=17.1.0.0, Culture=neutral, PublicKeyToken=null";Umbraco.Infrastructure.dll;False;False;"";"Exception has been thrown by the target of an invocation.";"";Umbraco.Cms.Infrastructure.Persistence.Dtos.TemplateDto;True;False;False;False;False;False;False;False;False;False;False;False;False;False;False;False;[];"Exception has been thrown by the target of an invocation.";"Exception has been thrown by the target of an invocation.";"Sealed, BeforeFieldInit";False;False;True;False;True;False;False;False;False;False;False;True;False;True;False;False;True;False;False;False;False;False;False;False;False;False;True;False;False;System.Runtime.InteropServices.StructLayoutAttribute;"";System.RuntimeTypeHandle;a526104f-1604-367b-adf2-47d3eb62c0a7;System.Object;False;False;False;TemplateDto;"[[System.Runtime.CompilerServices.NullableContextAttribute((Byte)1)], [System.Runtime.CompilerServices.NullableAttribute((Byte)0)]...]";False;33555070
Umbraco.Cms.Infrastructure.Persistence.Dtos.ContentDto;TypeInfo;Umbraco.Cms.Infrastructure.Persistence.Dtos;"Umbraco.Cms.Infrastructure.Persistence.Dtos.ContentDto, Umbraco.Infrastructure, Version=17.1.0.0, Culture=neutral, PublicKeyToken=null";Umbraco.Cms.Infrastructure.Persistence.Dtos.ContentDto;"Umbraco.Infrastructure, Version=17.1.0.0, Culture=neutral, PublicKeyToken=null";Umbraco.Infrastructure.dll;False;False;"";"Exception has been thrown by the target of an invocation.";"";Umbraco.Cms.Infrastructure.Persistence.Dtos.ContentDto;True;False;False;False;False;False;False;False;False;False;False;False;False;False;False;False;[];"Exception has been thrown by the target of an invocation.";"Exception has been thrown by the target of an invocation.";"Public, BeforeFieldInit";False;False;False;False;True;False;False;False;False;False;False;False;True;True;False;False;True;False;False;False;False;False;False;False;False;False;True;False;False;System.Runtime.InteropServices.StructLayoutAttribute;"";System.RuntimeTypeHandle;dd98602e-cb84-3946-be83-f9755f1b4e82;System.Object;False;False;True;ContentDto;"[[System.Runtime.CompilerServices.NullableContextAttribute((Byte)1)], [System.Runtime.CompilerServices.NullableAttribute((Byte)0)]...]";False;33555021
Umbraco.Cms.Infrastructure.Persistence.Dtos.ContentVersionDto;TypeInfo;Umbraco.Cms.Infrastructure.Persistence.Dtos;"Umbraco.Cms.Infrastructure.Persistence.Dtos.ContentVersionDto, Umbraco.Infrastructure, Version=17.1.0.0, Culture=neutral, PublicKeyToken=null";Umbraco.Cms.Infrastructure.Persistence.Dtos.ContentVersionDto;"Umbraco.Infrastructure, Version=17.1.0.0, Culture=neutral, PublicKeyToken=null";Umbraco.Infrastructure.dll;False;False;"";"Exception has been thrown by the target of an invocation.";"";Umbraco.Cms.Infrastructure.Persistence.Dtos.ContentVersionDto;True;False;False;False;False;False;False;False;False;False;False;False;False;False;False;False;[];"Exception has been thrown by the target of an invocation.";"Exception has been thrown by the target of an invocation.";"Public, BeforeFieldInit";False;False;False;False;True;False;False;False;False;False;False;False;True;True;False;False;True;False;False;False;False;False;False;False;False;False;True;False;False;System.Runtime.InteropServices.StructLayoutAttribute;"";System.RuntimeTypeHandle;593493fb-a7bb-3929-8b87-66dc6e776703;System.Object;False;False;True;ContentVersionDto;"[[System.Runtime.CompilerServices.NullableContextAttribute((Byte)2)], [System.Runtime.CompilerServices.NullableAttribute((Byte)0)]...]";False;33555030
Umbraco.Cms.Infrastructure.Persistence.Dtos.MediaVersionDto;TypeInfo;Umbraco.Cms.Infrastructure.Persistence.Dtos;"Umbraco.Cms.Infrastructure.Persistence.Dtos.MediaVersionDto, Umbraco.Infrastructure, Version=17.1.0.0, Culture=neutral, PublicKeyToken=null";Umbraco.Cms.Infrastructure.Persistence.Dtos.MediaVersionDto;"Umbraco.Infrastructure, Version=17.1.0.0, Culture=neutral, PublicKeyToken=null";Umbraco.Infrastructure.dll;False;False;"";"Exception has been thrown by the target of an invocation.";"";Umbraco.Cms.Infrastructure.Persistence.Dtos.MediaVersionDto;True;False;False;False;False;False;False;False;False;False;False;False;False;False;False;False;[];"Exception has been thrown by the target of an invocation.";"Exception has been thrown by the target of an invocation.";"Sealed, BeforeFieldInit";False;False;True;False;True;False;False;False;False;False;False;True;False;True;False;False;True;False;False;False;False;False;False;False;False;False;True;False;False;System.Runtime.InteropServices.StructLayoutAttribute;"";System.RuntimeTypeHandle;6d660bd0-14c0-3836-ada0-b1b7aff272a3;System.Object;False;False;False;MediaVersionDto;"[[System.Runtime.CompilerServices.NullableContextAttribute((Byte)1)], [System.Runtime.CompilerServices.NullableAttribute((Byte)0)]...]";False;33555051
Umbraco.Cms.Infrastructure.Persistence.Dtos.DocumentDto;TypeInfo;Umbraco.Cms.Infrastructure.Persistence.Dtos;"Umbraco.Cms.Infrastructure.Persistence.Dtos.DocumentDto, Umbraco.Infrastructure, Version=17.1.0.0, Culture=neutral, PublicKeyToken=null";Umbraco.Cms.Infrastructure.Persistence.Dtos.DocumentDto;"Umbraco.Infrastructure, Version=17.1.0.0, Culture=neutral, PublicKeyToken=null";Umbraco.Infrastructure.dll;False;False;"";"Exception has been thrown by the target of an invocation.";"";Umbraco.Cms.Infrastructure.Persistence.Dtos.DocumentDto;True;False;False;False;False;False;False;False;False;False;False;False;False;False;False;False;[];"Exception has been thrown by the target of an invocation.";"Exception has been thrown by the target of an invocation.";"Public, BeforeFieldInit";False;False;False;False;True;False;False;False;False;False;False;False;True;True;False;False;True;False;False;False;False;False;False;False;False;False;True;False;False;System.Runtime.InteropServices.StructLayoutAttribute;"";System.RuntimeTypeHandle;1ffe8704-abf9-3249-aeca-8ab887b4809d;System.Object;False;False;True;DocumentDto;"[[System.Runtime.CompilerServices.NullableContextAttribute((Byte)1)], [System.Runtime.CompilerServices.NullableAttribute((Byte)0)]...]";False;33555036
Umbraco.Cms.Infrastructure.Persistence.Dtos.ContentTypeTemplateDto;TypeInfo;Umbraco.Cms.Infrastructure.Persistence.Dtos;"Umbraco.Cms.Infrastructure.Persistence.Dtos.ContentTypeTemplateDto, Umbraco.Infrastructure, Version=17.1.0.0, Culture=neutral, PublicKeyToken=null";Umbraco.Cms.Infrastructure.Persistence.Dtos.ContentTypeTemplateDto;"Umbraco.Infrastructure, Version=17.1.0.0, Culture=neutral, PublicKeyToken=null";Umbraco.Infrastructure.dll;False;False;"";"Exception has been thrown by the target of an invocation.";"";Umbraco.Cms.Infrastructure.Persistence.Dtos.ContentTypeTemplateDto;True;False;False;False;False;False;False;False;False;False;False;False;False;False;False;False;[];"Exception has been thrown by the target of an invocation.";"Exception has been thrown by the target of an invocation.";"Sealed, BeforeFieldInit";False;False;True;False;True;False;False;False;False;False;False;True;False;True;False;False;True;False;False;False;False;False;False;False;False;False;True;False;False;System.Runtime.InteropServices.StructLayoutAttribute;"";System.RuntimeTypeHandle;e7555172-0aad-3293-95d6-a12ffe99586e;System.Object;False;False;False;ContentTypeTemplateDto;"[[System.Runtime.CompilerServices.NullableContextAttribute((Byte)2)], [System.Runtime.CompilerServices.NullableAttribute((Byte)0)]...]";False;33555027
Umbraco.Cms.Infrastructure.Persistence.Dtos.DataTypeDto;TypeInfo;Umbraco.Cms.Infrastructure.Persistence.Dtos;"Umbraco.Cms.Infrastructure.Persistence.Dtos.DataTypeDto, Umbraco.Infrastructure, Version=17.1.0.0, Culture=neutral, PublicKeyToken=null";Umbraco.Cms.Infrastructure.Persistence.Dtos.DataTypeDto;"Umbraco.Infrastructure, Version=17.1.0.0, Culture=neutral, PublicKeyToken=null";Umbraco.Infrastructure.dll;False;False;"";"Exception has been thrown by the target of an invocation.";"";Umbraco.Cms.Infrastructure.Persistence.Dtos.DataTypeDto;True;False;False;False;False;False;False;False;False;False;False;False;False;False;False;False;[];"Exception has been thrown by the target of an invocation.";"Exception has been thrown by the target of an invocation.";"Public, BeforeFieldInit";False;False;False;False;True;False;False;False;False;False;False;False;True;True;False;False;True;False;False;False;False;False;False;False;False;False;True;False;False;System.Runtime.InteropServices.StructLayoutAttribute;"";System.RuntimeTypeHandle;8071562d-6d8d-3251-9759-be20f3c289d7;System.Object;False;False;True;DataTypeDto;"[[System.Runtime.CompilerServices.NullableContextAttribute((Byte)1)], [System.Runtime.CompilerServices.NullableAttribute((Byte)0)]...]";False;33555032
Umbraco.Cms.Infrastructure.Persistence.Dtos.DictionaryDto;TypeInfo;Umbraco.Cms.Infrastructure.Persistence.Dtos;"Umbraco.Cms.Infrastructure.Persistence.Dtos.DictionaryDto, Umbraco.Infrastructure, Version=17.1.0.0, Culture=neutral, PublicKeyToken=null";Umbraco.Cms.Infrastructure.Persistence.Dtos.DictionaryDto;"Umbraco.Infrastructure, Version=17.1.0.0, Culture=neutral, PublicKeyToken=null";Umbraco.Infrastructure.dll;False;False;"";"Exception has been thrown by the target of an invocation.";"";Umbraco.Cms.Infrastructure.Persistence.Dtos.DictionaryDto;True;False;False;False;False;False;False;False;False;False;False;False;False;False;False;False;[];"Exception has been thrown by the target of an invocation.";"Exception has been thrown by the target of an invocation.";"Public, BeforeFieldInit";False;False;False;False;True;False;False;False;False;False;False;False;True;True;False;False;True;False;False;False;False;False;False;False;False;False;True;False;False;System.Runtime.InteropServices.StructLayoutAttribute;"";System.RuntimeTypeHandle;feeeae47-2336-3c40-b349-bc2041700643;System.Object;False;False;True;DictionaryDto;"[[System.Runtime.CompilerServices.NullableContextAttribute((Byte)1)], [System.Runtime.CompilerServices.NullableAttribute((Byte)0)]...]";False;33555033
Umbraco.Cms.Infrastructure.Persistence.Dtos.LanguageDto;TypeInfo;Umbraco.Cms.Infrastructure.Persistence.Dtos;"Umbraco.Cms.Infrastructure.Persistence.Dtos.LanguageDto, Umbraco.Infrastructure, Version=17.1.0.0, Culture=neutral, PublicKeyToken=null";Umbraco.Cms.Infrastructure.Persistence.Dtos.LanguageDto;"Umbraco.Infrastructure, Version=17.1.0.0, Culture=neutral, PublicKeyToken=null";Umbraco.Infrastructure.dll;False;False;"";"Exception has been thrown by the target of an invocation.";"";Umbraco.Cms.Infrastructure.Persistence.Dtos.LanguageDto;True;False;False;False;False;False;False;False;False;False;False;False;False;False;False;False;[];"Exception has been thrown by the target of an invocation.";"Exception has been thrown by the target of an invocation.";"Sealed, BeforeFieldInit";False;False;True;False;True;False;False;False;False;False;False;True;False;True;False;False;True;False;False;False;False;False;False;False;False;False;True;False;False;System.Runtime.InteropServices.StructLayoutAttribute;"";System.RuntimeTypeHandle;bfb5a43d-46cc-3388-a501-59efbc9491ff;System.Object;False;False;False;LanguageDto;"[[System.Runtime.CompilerServices.NullableContextAttribute((Byte)2)], [System.Runtime.CompilerServices.NullableAttribute((Byte)0)]...]";False;33555043
Umbraco.Cms.Infrastructure.Persistence.Dtos.LanguageTextDto;TypeInfo;Umbraco.Cms.Infrastructure.Persistence.Dtos;"Umbraco.Cms.Infrastructure.Persistence.Dtos.LanguageTextDto, Umbraco.Infrastructure, Version=17.1.0.0, Culture=neutral, PublicKeyToken=null";Umbraco.Cms.Infrastructure.Persistence.Dtos.LanguageTextDto;"Umbraco.Infrastructure, Version=17.1.0.0, Culture=neutral, PublicKeyToken=null";Umbraco.Infrastructure.dll;False;False;"";"Exception has been thrown by the target of an invocation.";"";Umbraco.Cms.Infrastructure.Persistence.Dtos.LanguageTextDto;True;False;False;False;False;False;False;False;False;False;False;False;False;False;False;False;[];"Exception has been thrown by the target of an invocation.";"Exception has been thrown by the target of an invocation.";"Public, BeforeFieldInit";False;False;False;False;True;False;False;False;False;False;False;False;True;True;False;False;True;False;False;False;False;False;False;False;False;False;True;False;False;System.Runtime.InteropServices.StructLayoutAttribute;"";System.RuntimeTypeHandle;2ccfce78-aaf0-33d1-992f-e8a22c30a067;System.Object;False;False;True;LanguageTextDto;"[[System.Runtime.CompilerServices.NullableContextAttribute((Byte)1)], [System.Runtime.CompilerServices.NullableAttribute((Byte)0)]...]";False;33555044
Umbraco.Cms.Infrastructure.Persistence.Dtos.DomainDto;TypeInfo;Umbraco.Cms.Infrastructure.Persistence.Dtos;"Umbraco.Cms.Infrastructure.Persistence.Dtos.DomainDto, Umbraco.Infrastructure, Version=17.1.0.0, Culture=neutral, PublicKeyToken=null";Umbraco.Cms.Infrastructure.Persistence.Dtos.DomainDto;"Umbraco.Infrastructure, Version=17.1.0.0, Culture=neutral, PublicKeyToken=null";Umbraco.Infrastructure.dll;False;False;"";"Exception has been thrown by the target of an invocation.";"";Umbraco.Cms.Infrastructure.Persistence.Dtos.DomainDto;True;False;False;False;False;False;False;False;False;False;False;False;False;False;False;False;[];"Exception has been thrown by the target of an invocation.";"Exception has been thrown by the target of an invocation.";"Sealed, BeforeFieldInit";False;False;True;False;True;False;False;False;False;False;False;True;False;True;False;False;True;False;False;False;False;False;False;False;False;False;True;False;False;System.Runtime.InteropServices.StructLayoutAttribute;"";System.RuntimeTypeHandle;80f5850f-b172-318f-9a87-b3d261a9f13f;System.Object;False;False;False;DomainDto;"[[System.Runtime.CompilerServices.NullableContextAttribute((Byte)1)], [System.Runtime.CompilerServices.NullableAttribute((Byte)0)]...]";False;33555039
Umbraco.Cms.Infrastructure.Persistence.Dtos.LogDto;TypeInfo;Umbraco.Cms.Infrastructure.Persistence.Dtos;"Umbraco.Cms.Infrastructure.Persistence.Dtos.LogDto, Umbraco.Infrastructure, Version=17.1.0.0, Culture=neutral, PublicKeyToken=null";Umbraco.Cms.Infrastructure.Persistence.Dtos.LogDto;"Umbraco.Infrastructure, Version=17.1.0.0, Culture=neutral, PublicKeyToken=null";Umbraco.Infrastructure.dll;False;False;"";"Exception has been thrown by the target of an invocation.";"";Umbraco.Cms.Infrastructure.Persistence.Dtos.LogDto;True;False;False;False;False;False;False;False;False;False;False;False;False;False;False;False;[];"Exception has been thrown by the target of an invocation.";"Exception has been thrown by the target of an invocation.";"Sealed, BeforeFieldInit";False;False;True;False;True;False;False;False;False;False;False;True;False;True;False;False;True;False;False;False;False;False;False;False;False;False;True;False;False;System.Runtime.InteropServices.StructLayoutAttribute;"";System.RuntimeTypeHandle;71d6ea2d-f029-35a0-92eb-1de17c2114cd;System.Object;False;False;False;LogDto;"[[System.Runtime.CompilerServices.NullableContextAttribute((Byte)2)], [System.Runtime.CompilerServices.NullableAttribute((Byte)0)]...]";False;33555047
Umbraco.Cms.Infrastructure.Persistence.Dtos.MemberPropertyTypeDto;TypeInfo;Umbraco.Cms.Infrastructure.Persistence.Dtos;"Umbraco.Cms.Infrastructure.Persistence.Dtos.MemberPropertyTypeDto, Umbraco.Infrastructure, Version=17.1.0.0, Culture=neutral, PublicKeyToken=null";Umbraco.Cms.Infrastructure.Persistence.Dtos.MemberPropertyTypeDto;"Umbraco.Infrastructure, Version=17.1.0.0, Culture=neutral, PublicKeyToken=null";Umbraco.Infrastructure.dll;False;False;"";"Exception has been thrown by the target of an invocation.";"";Umbraco.Cms.Infrastructure.Persistence.Dtos.MemberPropertyTypeDto;True;False;False;False;False;False;False;False;False;False;False;False;False;False;False;False;[];"Exception has been thrown by the target of an invocation.";"Exception has been thrown by the target of an invocation.";"Sealed, BeforeFieldInit";False;False;True;False;True;False;False;False;False;False;False;True;False;True;False;False;True;False;False;False;False;False;False;False;False;False;True;False;False;System.Runtime.InteropServices.StructLayoutAttribute;"";System.RuntimeTypeHandle;1a6ec38b-ba0d-335d-ab0f-bfbfb612b7cb;System.Object;False;False;False;MemberPropertyTypeDto;"[[NPoco.TableNameAttribute(""cmsMemberType"")], [NPoco.PrimaryKeyAttribute(""pk"")], [NPoco.ExplicitColumnsAttribute()]]";False;33555054
Umbraco.Cms.Infrastructure.Persistence.Dtos.MemberDto;TypeInfo;Umbraco.Cms.Infrastructure.Persistence.Dtos;"Umbraco.Cms.Infrastructure.Persistence.Dtos.MemberDto, Umbraco.Infrastructure, Version=17.1.0.0, Culture=neutral, PublicKeyToken=null";Umbraco.Cms.Infrastructure.Persistence.Dtos.MemberDto;"Umbraco.Infrastructure, Version=17.1.0.0, Culture=neutral, PublicKeyToken=null";Umbraco.Infrastructure.dll;False;False;"";"Exception has been thrown by the target of an invocation.";"";Umbraco.Cms.Infrastructure.Persistence.Dtos.MemberDto;True;False;False;False;False;False;False;False;False;False;False;False;False;False;False;False;[];"Exception has been thrown by the target of an invocation.";"Exception has been thrown by the target of an invocation.";"Sealed, BeforeFieldInit";False;False;True;False;True;False;False;False;False;False;False;True;False;True;False;False;True;False;False;False;False;False;False;False;False;False;True;False;False;System.Runtime.InteropServices.StructLayoutAttribute;"";System.RuntimeTypeHandle;180ddab0-9335-3283-a806-30b04c2aa045;System.Object;False;False;False;MemberDto;"[[System.Runtime.CompilerServices.NullableContextAttribute((Byte)1)], [System.Runtime.CompilerServices.NullableAttribute((Byte)0)]...]";False;33555053
Umbraco.Cms.Infrastructure.Persistence.Dtos.Member2MemberGroupDto;TypeInfo;Umbraco.Cms.Infrastructure.Persistence.Dtos;"Umbraco.Cms.Infrastructure.Persistence.Dtos.Member2MemberGroupDto, Umbraco.Infrastructure, Version=17.1.0.0, Culture=neutral, PublicKeyToken=null";Umbraco.Cms.Infrastructure.Persistence.Dtos.Member2MemberGroupDto;"Umbraco.Infrastructure, Version=17.1.0.0, Culture=neutral, PublicKeyToken=null";Umbraco.Infrastructure.dll;False;False;"";"Exception has been thrown by the target of an invocation.";"";Umbraco.Cms.Infrastructure.Persistence.Dtos.Member2MemberGroupDto;True;False;False;False;False;False;False;False;False;False;False;False;False;False;False;False;[];"Exception has been thrown by the target of an invocation.";"Exception has been thrown by the target of an invocation.";"Sealed, BeforeFieldInit";False;False;True;False;True;False;False;False;False;False;False;True;False;True;False;False;True;False;False;False;False;False;False;False;False;False;True;False;False;System.Runtime.InteropServices.StructLayoutAttribute;"";System.RuntimeTypeHandle;aebc3379-c1fc-334a-bfa2-fd77b712bb16;System.Object;False;False;False;Member2MemberGroupDto;"[[NPoco.TableNameAttribute(""cmsMember2MemberGroup"")], [NPoco.PrimaryKeyAttribute(""Member"", AutoIncrement = False)]...]";False;33555052
Umbraco.Cms.Infrastructure.Persistence.Dtos.PropertyTypeGroupDto;TypeInfo;Umbraco.Cms.Infrastructure.Persistence.Dtos;"Umbraco.Cms.Infrastructure.Persistence.Dtos.PropertyTypeGroupDto, Umbraco.Infrastructure, Version=17.1.0.0, Culture=neutral, PublicKeyToken=null";Umbraco.Cms.Infrastructure.Persistence.Dtos.PropertyTypeGroupDto;"Umbraco.Infrastructure, Version=17.1.0.0, Culture=neutral, PublicKeyToken=null";Umbraco.Infrastructure.dll;False;False;"";"Exception has been thrown by the target of an invocation.";"";Umbraco.Cms.Infrastructure.Persistence.Dtos.PropertyTypeGroupDto;True;False;False;False;False;False;False;False;False;False;False;False;False;False;False;False;[];"Exception has been thrown by the target of an invocation.";"Exception has been thrown by the target of an invocation.";"Sealed, BeforeFieldInit";False;False;True;False;True;False;False;False;False;False;False;True;False;True;False;False;True;False;False;False;False;False;False;False;False;False;True;False;False;System.Runtime.InteropServices.StructLayoutAttribute;"";System.RuntimeTypeHandle;e9b9f43e-9d6b-3649-b75b-4f15cc6d3194;System.Object;False;False;False;PropertyTypeGroupDto;"[[System.Runtime.CompilerServices.NullableContextAttribute((Byte)1)], [System.Runtime.CompilerServices.NullableAttribute((Byte)0)]...]";False;33555060
Umbraco.Cms.Infrastructure.Persistence.Dtos.PropertyTypeDto;TypeInfo;Umbraco.Cms.Infrastructure.Persistence.Dtos;"Umbraco.Cms.Infrastructure.Persistence.Dtos.PropertyTypeDto, Umbraco.Infrastructure, Version=17.1.0.0, Culture=neutral, PublicKeyToken=null";Umbraco.Cms.Infrastructure.Persistence.Dtos.PropertyTypeDto;"Umbraco.Infrastructure, Version=17.1.0.0, Culture=neutral, PublicKeyToken=null";Umbraco.Infrastructure.dll;False;False;"";"Exception has been thrown by the target of an invocation.";"";Umbraco.Cms.Infrastructure.Persistence.Dtos.PropertyTypeDto;True;False;False;False;False;False;False;False;False;False;False;False;False;False;False;False;[];"Exception has been thrown by the target of an invocation.";"Exception has been thrown by the target of an invocation.";BeforeFieldInit;False;False;False;False;True;False;False;False;False;False;False;True;False;True;False;False;True;False;False;False;False;False;False;False;False;False;True;False;False;System.Runtime.InteropServices.StructLayoutAttribute;"";System.RuntimeTypeHandle;87c63114-0c13-3799-bbef-bc1624d5a0c3;System.Object;False;False;False;PropertyTypeDto;"[[System.Runtime.CompilerServices.NullableContextAttribute((Byte)2)], [System.Runtime.CompilerServices.NullableAttribute((Byte)0)]...]";False;33555059
Umbraco.Cms.Infrastructure.Persistence.Dtos.PropertyDataDto;TypeInfo;Umbraco.Cms.Infrastructure.Persistence.Dtos;"Umbraco.Cms.Infrastructure.Persistence.Dtos.PropertyDataDto, Umbraco.Infrastructure, Version=17.1.0.0, Culture=neutral, PublicKeyToken=null";Umbraco.Cms.Infrastructure.Persistence.Dtos.PropertyDataDto;"Umbraco.Infrastructure, Version=17.1.0.0, Culture=neutral, PublicKeyToken=null";Umbraco.Infrastructure.dll;False;False;"";"Exception has been thrown by the target of an invocation.";"";Umbraco.Cms.Infrastructure.Persistence.Dtos.PropertyDataDto;True;False;False;False;False;False;False;False;False;False;False;False;False;False;False;False;[];"Exception has been thrown by the target of an invocation.";"Exception has been thrown by the target of an invocation.";"Sealed, BeforeFieldInit";False;False;True;False;True;False;False;False;False;False;False;True;False;True;False;False;True;False;False;False;False;False;False;False;False;False;True;False;False;System.Runtime.InteropServices.StructLayoutAttribute;"";System.RuntimeTypeHandle;49ec049c-f84e-37da-9c23-2cd912e29341;System.Object;False;False;False;PropertyDataDto;"[[System.Runtime.CompilerServices.NullableContextAttribute((Byte)2)], [System.Runtime.CompilerServices.NullableAttribute((Byte)0)]...]";False;33555057
Umbraco.Cms.Infrastructure.Persistence.Dtos.RelationTypeDto;TypeInfo;Umbraco.Cms.Infrastructure.Persistence.Dtos;"Umbraco.Cms.Infrastructure.Persistence.Dtos.RelationTypeDto, Umbraco.Infrastructure, Version=17.1.0.0, Culture=neutral, PublicKeyToken=null";Umbraco.Cms.Infrastructure.Persistence.Dtos.RelationTypeDto;"Umbraco.Infrastructure, Version=17.1.0.0, Culture=neutral, PublicKeyToken=null";Umbraco.Infrastructure.dll;False;False;"";"Exception has been thrown by the target of an invocation.";"";Umbraco.Cms.Infrastructure.Persistence.Dtos.RelationTypeDto;True;False;False;False;False;False;False;False;False;False;False;False;False;False;False;False;[];"Exception has been thrown by the target of an invocation.";"Exception has been thrown by the target of an invocation.";"Sealed, BeforeFieldInit";False;False;True;False;True;False;False;False;False;False;False;True;False;True;False;False;True;False;False;False;False;False;False;False;False;False;True;False;False;System.Runtime.InteropServices.StructLayoutAttribute;"";System.RuntimeTypeHandle;f8d668c1-b4cc-3c9e-8a3a-2a517e806ccd;System.Object;False;False;False;RelationTypeDto;"[[System.Runtime.CompilerServices.NullableContextAttribute((Byte)1)], [System.Runtime.CompilerServices.NullableAttribute((Byte)0)]...]";False;33555065
Umbraco.Cms.Infrastructure.Persistence.Dtos.RelationDto;TypeInfo;Umbraco.Cms.Infrastructure.Persistence.Dtos;"Umbraco.Cms.Infrastructure.Persistence.Dtos.RelationDto, Umbraco.Infrastructure, Version=17.1.0.0, Culture=neutral, PublicKeyToken=null";Umbraco.Cms.Infrastructure.Persistence.Dtos.RelationDto;"Umbraco.Infrastructure, Version=17.1.0.0, Culture=neutral, PublicKeyToken=null";Umbraco.Infrastructure.dll;False;False;"";"Exception has been thrown by the target of an invocation.";"";Umbraco.Cms.Infrastructure.Persistence.Dtos.RelationDto;True;False;False;False;False;False;False;False;False;False;False;False;False;False;False;False;[];"Exception has been thrown by the target of an invocation.";"Exception has been thrown by the target of an invocation.";"Sealed, BeforeFieldInit";False;False;True;False;True;False;False;False;False;False;False;True;False;True;False;False;True;False;False;False;False;False;False;False;False;False;True;False;False;System.Runtime.InteropServices.StructLayoutAttribute;"";System.RuntimeTypeHandle;5cb61c1b-c67c-3bf4-9c23-a039a829c5b7;System.Object;False;False;False;RelationDto;"[[System.Runtime.CompilerServices.NullableContextAttribute((Byte)2)], [System.Runtime.CompilerServices.NullableAttribute((Byte)0)]...]";False;33555064
Umbraco.Cms.Infrastructure.Persistence.Dtos.TagDto;TypeInfo;Umbraco.Cms.Infrastructure.Persistence.Dtos;"Umbraco.Cms.Infrastructure.Persistence.Dtos.TagDto, Umbraco.Infrastructure, Version=17.1.0.0, Culture=neutral, PublicKeyToken=null";Umbraco.Cms.Infrastructure.Persistence.Dtos.TagDto;"Umbraco.Infrastructure, Version=17.1.0.0, Culture=neutral, PublicKeyToken=null";Umbraco.Infrastructure.dll;False;False;"";"Exception has been thrown by the target of an invocation.";"";Umbraco.Cms.Infrastructure.Persistence.Dtos.TagDto;True;False;False;False;False;False;False;False;False;False;False;False;False;False;False;False;[];"Exception has been thrown by the target of an invocation.";"Exception has been thrown by the target of an invocation.";"Sealed, BeforeFieldInit";False;False;True;False;True;False;False;False;False;False;False;True;False;True;False;False;True;False;False;False;False;False;False;False;False;False;True;False;False;System.Runtime.InteropServices.StructLayoutAttribute;"";System.RuntimeTypeHandle;8256a6d5-3a83-3b3f-950d-83beacc080d9;System.Object;False;False;False;TagDto;"[[System.Runtime.CompilerServices.NullableContextAttribute((Byte)1)], [System.Runtime.CompilerServices.NullableAttribute((Byte)0)]...]";False;33555068
Umbraco.Cms.Infrastructure.Persistence.Dtos.TagRelationshipDto;TypeInfo;Umbraco.Cms.Infrastructure.Persistence.Dtos;"Umbraco.Cms.Infrastructure.Persistence.Dtos.TagRelationshipDto, Umbraco.Infrastructure, Version=17.1.0.0, Culture=neutral, PublicKeyToken=null";Umbraco.Cms.Infrastructure.Persistence.Dtos.TagRelationshipDto;"Umbraco.Infrastructure, Version=17.1.0.0, Culture=neutral, PublicKeyToken=null";Umbraco.Infrastructure.dll;False;False;"";"Exception has been thrown by the target of an invocation.";"";Umbraco.Cms.Infrastructure.Persistence.Dtos.TagRelationshipDto;True;False;False;False;False;False;False;False;False;False;False;False;False;False;False;False;[];"Exception has been thrown by the target of an invocation.";"Exception has been thrown by the target of an invocation.";"Sealed, BeforeFieldInit";False;False;True;False;True;False;False;False;False;False;False;True;False;True;False;False;True;False;False;False;False;False;False;False;False;False;True;False;False;System.Runtime.InteropServices.StructLayoutAttribute;"";System.RuntimeTypeHandle;470c14fb-e65b-3c16-bc78-7fa2ce655e6c;System.Object;False;False;False;TagRelationshipDto;"[[NPoco.TableNameAttribute(""cmsTagRelationship"")], [NPoco.PrimaryKeyAttribute(""nodeId"", AutoIncrement = False)]...]";False;33555069
Umbraco.Cms.Infrastructure.Persistence.Dtos.ContentType2ContentTypeDto;TypeInfo;Umbraco.Cms.Infrastructure.Persistence.Dtos;"Umbraco.Cms.Infrastructure.Persistence.Dtos.ContentType2ContentTypeDto, Umbraco.Infrastructure, Version=17.1.0.0, Culture=neutral, PublicKeyToken=null";Umbraco.Cms.Infrastructure.Persistence.Dtos.ContentType2ContentTypeDto;"Umbraco.Infrastructure, Version=17.1.0.0, Culture=neutral, PublicKeyToken=null";Umbraco.Infrastructure.dll;False;False;"";"Exception has been thrown by the target of an invocation.";"";Umbraco.Cms.Infrastructure.Persistence.Dtos.ContentType2ContentTypeDto;True;False;False;False;False;False;False;False;False;False;False;False;False;False;False;False;[];"Exception has been thrown by the target of an invocation.";"Exception has been thrown by the target of an invocation.";"Sealed, BeforeFieldInit";False;False;True;False;True;False;False;False;False;False;False;True;False;True;False;False;True;False;False;False;False;False;False;False;False;False;True;False;False;System.Runtime.InteropServices.StructLayoutAttribute;"";System.RuntimeTypeHandle;e232ef08-1b7e-3d08-8f63-bfc2264e8662;System.Object;False;False;False;ContentType2ContentTypeDto;"[[NPoco.TableNameAttribute(""cmsContentType2ContentType"")], [NPoco.ExplicitColumnsAttribute()]]";False;33555024
Umbraco.Cms.Infrastructure.Persistence.Dtos.ContentTypeAllowedContentTypeDto;TypeInfo;Umbraco.Cms.Infrastructure.Persistence.Dtos;"Umbraco.Cms.Infrastructure.Persistence.Dtos.ContentTypeAllowedContentTypeDto, Umbraco.Infrastructure, Version=17.1.0.0, Culture=neutral, PublicKeyToken=null";Umbraco.Cms.Infrastructure.Persistence.Dtos.ContentTypeAllowedContentTypeDto;"Umbraco.Infrastructure, Version=17.1.0.0, Culture=neutral, PublicKeyToken=null";Umbraco.Infrastructure.dll;False;False;"";"Exception has been thrown by the target of an invocation.";"";Umbraco.Cms.Infrastructure.Persistence.Dtos.ContentTypeAllowedContentTypeDto;True;False;False;False;False;False;False;False;False;False;False;False;False;False;False;False;[];"Exception has been thrown by the target of an invocation.";"Exception has been thrown by the target of an invocation.";"Sealed, BeforeFieldInit";False;False;True;False;True;False;False;False;False;False;False;True;False;True;False;False;True;False;False;False;False;False;False;False;False;False;True;False;False;System.Runtime.InteropServices.StructLayoutAttribute;"";System.RuntimeTypeHandle;be27f5d8-3a6f-3017-a8da-f795321eefaf;System.Object;False;False;False;ContentTypeAllowedContentTypeDto;"[[System.Runtime.CompilerServices.NullableContextAttribute((Byte)2)], [System.Runtime.CompilerServices.NullableAttribute((Byte)0)]...]";False;33555025
Umbraco.Cms.Infrastructure.Persistence.Dtos.User2NodeNotifyDto;TypeInfo;Umbraco.Cms.Infrastructure.Persistence.Dtos;"Umbraco.Cms.Infrastructure.Persistence.Dtos.User2NodeNotifyDto, Umbraco.Infrastructure, Version=17.1.0.0, Culture=neutral, PublicKeyToken=null";Umbraco.Cms.Infrastructure.Persistence.Dtos.User2NodeNotifyDto;"Umbraco.Infrastructure, Version=17.1.0.0, Culture=neutral, PublicKeyToken=null";Umbraco.Infrastructure.dll;False;False;"";"Exception has been thrown by the target of an invocation.";"";Umbraco.Cms.Infrastructure.Persistence.Dtos.User2NodeNotifyDto;True;False;False;False;False;False;False;False;False;False;False;False;False;False;False;False;[];"Exception has been thrown by the target of an invocation.";"Exception has been thrown by the target of an invocation.";"Sealed, BeforeFieldInit";False;False;True;False;True;False;False;False;False;False;False;True;False;True;False;False;True;False;False;False;False;False;False;False;False;False;True;False;False;System.Runtime.InteropServices.StructLayoutAttribute;"";System.RuntimeTypeHandle;52eedd65-e088-334a-b8ab-d9a095204799;System.Object;False;False;False;User2NodeNotifyDto;"[[System.Runtime.CompilerServices.NullableContextAttribute((Byte)2)], [System.Runtime.CompilerServices.NullableAttribute((Byte)0)]...]";False;33555073
Umbraco.Cms.Infrastructure.Persistence.Dtos.User2ClientIdDto;TypeInfo;Umbraco.Cms.Infrastructure.Persistence.Dtos;"Umbraco.Cms.Infrastructure.Persistence.Dtos.User2ClientIdDto, Umbraco.Infrastructure, Version=17.1.0.0, Culture=neutral, PublicKeyToken=null";Umbraco.Cms.Infrastructure.Persistence.Dtos.User2ClientIdDto;"Umbraco.Infrastructure, Version=17.1.0.0, Culture=neutral, PublicKeyToken=null";Umbraco.Infrastructure.dll;False;False;"";"Exception has been thrown by the target of an invocation.";"";Umbraco.Cms.Infrastructure.Persistence.Dtos.User2ClientIdDto;True;False;False;False;False;False;False;False;False;False;False;False;False;False;False;False;[];"Exception has been thrown by the target of an invocation.";"Exception has been thrown by the target of an invocation.";"Public, BeforeFieldInit";False;False;False;False;True;False;False;False;False;False;False;False;True;True;False;False;True;False;False;False;False;False;False;False;False;False;True;False;False;System.Runtime.InteropServices.StructLayoutAttribute;"";System.RuntimeTypeHandle;715e9f62-b4fb-3961-a76e-7176580be2fe;System.Object;False;False;True;User2ClientIdDto;"[[System.Runtime.CompilerServices.NullableContextAttribute((Byte)2)], [System.Runtime.CompilerServices.NullableAttribute((Byte)0)]...]";False;33555072
Umbraco.Cms.Infrastructure.Persistence.Dtos.ServerRegistrationDto;TypeInfo;Umbraco.Cms.Infrastructure.Persistence.Dtos;"Umbraco.Cms.Infrastructure.Persistence.Dtos.ServerRegistrationDto, Umbraco.Infrastructure, Version=17.1.0.0, Culture=neutral, PublicKeyToken=null";Umbraco.Cms.Infrastructure.Persistence.Dtos.ServerRegistrationDto;"Umbraco.Infrastructure, Version=17.1.0.0, Culture=neutral, PublicKeyToken=null";Umbraco.Infrastructure.dll;False;False;"";"Exception has been thrown by the target of an invocation.";"";Umbraco.Cms.Infrastructure.Persistence.Dtos.ServerRegistrationDto;True;False;False;False;False;False;False;False;False;False;False;False;False;False;False;False;[];"Exception has been thrown by the target of an invocation.";"Exception has been thrown by the target of an invocation.";"Sealed, BeforeFieldInit";False;False;True;False;True;False;False;False;False;False;False;True;False;True;False;False;True;False;False;False;False;False;False;False;False;False;True;False;False;System.Runtime.InteropServices.StructLayoutAttribute;"";System.RuntimeTypeHandle;3f598232-d14a-3349-a325-2ccb2799f428;System.Object;False;False;False;ServerRegistrationDto;"[[System.Runtime.CompilerServices.NullableContextAttribute((Byte)2)], [System.Runtime.CompilerServices.NullableAttribute((Byte)0)]...]";False;33555067
Umbraco.Cms.Infrastructure.Persistence.Dtos.AccessDto;TypeInfo;Umbraco.Cms.Infrastructure.Persistence.Dtos;"Umbraco.Cms.Infrastructure.Persistence.Dtos.AccessDto, Umbraco.Infrastructure, Version=17.1.0.0, Culture=neutral, PublicKeyToken=null";Umbraco.Cms.Infrastructure.Persistence.Dtos.AccessDto;"Umbraco.Infrastructure, Version=17.1.0.0, Culture=neutral, PublicKeyToken=null";Umbraco.Infrastructure.dll;False;False;"";"Exception has been thrown by the target of an invocation.";"";Umbraco.Cms.Infrastructure.Persistence.Dtos.AccessDto;True;False;False;False;False;False;False;False;False;False;False;False;False;False;False;False;[];"Exception has been thrown by the target of an invocation.";"Exception has been thrown by the target of an invocation.";"Sealed, BeforeFieldInit";False;False;True;False;True;False;False;False;False;False;False;True;False;True;False;False;True;False;False;False;False;False;False;False;False;False;True;False;False;System.Runtime.InteropServices.StructLayoutAttribute;"";System.RuntimeTypeHandle;b96e231c-0629-39e5-afdb-f30ab2d4ddf2;System.Object;False;False;False;AccessDto;"[[System.Runtime.CompilerServices.NullableContextAttribute((Byte)1)], [System.Runtime.CompilerServices.NullableAttribute((Byte)0)]...]";False;33555015
Umbraco.Cms.Infrastructure.Persistence.Dtos.AccessRuleDto;TypeInfo;Umbraco.Cms.Infrastructure.Persistence.Dtos;"Umbraco.Cms.Infrastructure.Persistence.Dtos.AccessRuleDto, Umbraco.Infrastructure, Version=17.1.0.0, Culture=neutral, PublicKeyToken=null";Umbraco.Cms.Infrastructure.Persistence.Dtos.AccessRuleDto;"Umbraco.Infrastructure, Version=17.1.0.0, Culture=neutral, PublicKeyToken=null";Umbraco.Infrastructure.dll;False;False;"";"Exception has been thrown by the target of an invocation.";"";Umbraco.Cms.Infrastructure.Persistence.Dtos.AccessRuleDto;True;False;False;False;False;False;False;False;False;False;False;False;False;False;False;False;[];"Exception has been thrown by the target of an invocation.";"Exception has been thrown by the target of an invocation.";"Sealed, BeforeFieldInit";False;False;True;False;True;False;False;False;False;False;False;True;False;True;False;False;True;False;False;False;False;False;False;False;False;False;True;False;False;System.Runtime.InteropServices.StructLayoutAttribute;"";System.RuntimeTypeHandle;23ad8297-5399-36c6-99db-f5d93145b4ae;System.Object;False;False;False;AccessRuleDto;"[[System.Runtime.CompilerServices.NullableContextAttribute((Byte)2)], [System.Runtime.CompilerServices.NullableAttribute((Byte)0)]...]";False;33555016
Umbraco.Cms.Infrastructure.Persistence.Dtos.CacheInstructionDto;TypeInfo;Umbraco.Cms.Infrastructure.Persistence.Dtos;"Umbraco.Cms.Infrastructure.Persistence.Dtos.CacheInstructionDto, Umbraco.Infrastructure, Version=17.1.0.0, Culture=neutral, PublicKeyToken=null";Umbraco.Cms.Infrastructure.Persistence.Dtos.CacheInstructionDto;"Umbraco.Infrastructure, Version=17.1.0.0, Culture=neutral, PublicKeyToken=null";Umbraco.Infrastructure.dll;False;False;"";"Exception has been thrown by the target of an invocation.";"";Umbraco.Cms.Infrastructure.Persistence.Dtos.CacheInstructionDto;True;False;False;False;False;False;False;False;False;False;False;False;False;False;False;False;[];"Exception has been thrown by the target of an invocation.";"Exception has been thrown by the target of an invocation.";"Public, BeforeFieldInit";False;False;False;False;True;False;False;False;False;False;False;False;True;True;False;False;True;False;False;False;False;False;False;False;False;False;True;False;False;System.Runtime.InteropServices.StructLayoutAttribute;"";System.RuntimeTypeHandle;9fa3c111-364d-3e67-8d0e-395f282b189e;System.Object;False;False;True;CacheInstructionDto;"[[System.Runtime.CompilerServices.NullableContextAttribute((Byte)1)], [System.Runtime.CompilerServices.NullableAttribute((Byte)0)]...]";False;33555019
Umbraco.Cms.Infrastructure.Persistence.Dtos.ExternalLoginDto;TypeInfo;Umbraco.Cms.Infrastructure.Persistence.Dtos;"Umbraco.Cms.Infrastructure.Persistence.Dtos.ExternalLoginDto, Umbraco.Infrastructure, Version=17.1.0.0, Culture=neutral, PublicKeyToken=null";Umbraco.Cms.Infrastructure.Persistence.Dtos.ExternalLoginDto;"Umbraco.Infrastructure, Version=17.1.0.0, Culture=neutral, PublicKeyToken=null";Umbraco.Infrastructure.dll;False;False;"";"Exception has been thrown by the target of an invocation.";"";Umbraco.Cms.Infrastructure.Persistence.Dtos.ExternalLoginDto;True;False;False;False;False;False;False;False;False;False;False;False;False;False;False;False;[];"Exception has been thrown by the target of an invocation.";"Exception has been thrown by the target of an invocation.";"Sealed, BeforeFieldInit";False;False;True;False;True;False;False;False;False;False;False;True;False;True;False;False;True;False;False;False;False;False;False;False;False;False;True;False;False;System.Runtime.InteropServices.StructLayoutAttribute;"";System.RuntimeTypeHandle;441e3589-208b-35e7-a774-7c13c196de23;System.Object;False;False;False;ExternalLoginDto;"[[System.Runtime.CompilerServices.NullableContextAttribute((Byte)1)], [System.Runtime.CompilerServices.NullableAttribute((Byte)0)]...]";False;33555040
Umbraco.Cms.Infrastructure.Persistence.Dtos.ExternalLoginTokenDto;TypeInfo;Umbraco.Cms.Infrastructure.Persistence.Dtos;"Umbraco.Cms.Infrastructure.Persistence.Dtos.ExternalLoginTokenDto, Umbraco.Infrastructure, Version=17.1.0.0, Culture=neutral, PublicKeyToken=null";Umbraco.Cms.Infrastructure.Persistence.Dtos.ExternalLoginTokenDto;"Umbraco.Infrastructure, Version=17.1.0.0, Culture=neutral, PublicKeyToken=null";Umbraco.Infrastructure.dll;False;False;"";"Exception has been thrown by the target of an invocation.";"";Umbraco.Cms.Infrastructure.Persistence.Dtos.ExternalLoginTokenDto;True;False;False;False;False;False;False;False;False;False;False;False;False;False;False;False;[];"Exception has been thrown by the target of an invocation.";"Exception has been thrown by the target of an invocation.";"Sealed, BeforeFieldInit";False;False;True;False;True;False;False;False;False;False;False;True;False;True;False;False;True;False;False;False;False;False;False;False;False;False;True;False;False;System.Runtime.InteropServices.StructLayoutAttribute;"";System.RuntimeTypeHandle;79cf2408-ce0e-30e2-a5d7-e2983aaca247;System.Object;False;False;False;ExternalLoginTokenDto;"[[System.Runtime.CompilerServices.NullableContextAttribute((Byte)1)], [System.Runtime.CompilerServices.NullableAttribute((Byte)0)]...]";False;33555041
Umbraco.Cms.Infrastructure.Persistence.Dtos.TwoFactorLoginDto;TypeInfo;Umbraco.Cms.Infrastructure.Persistence.Dtos;"Umbraco.Cms.Infrastructure.Persistence.Dtos.TwoFactorLoginDto, Umbraco.Infrastructure, Version=17.1.0.0, Culture=neutral, PublicKeyToken=null";Umbraco.Cms.Infrastructure.Persistence.Dtos.TwoFactorLoginDto;"Umbraco.Infrastructure, Version=17.1.0.0, Culture=neutral, PublicKeyToken=null";Umbraco.Infrastructure.dll;False;False;"";"Exception has been thrown by the target of an invocation.";"";Umbraco.Cms.Infrastructure.Persistence.Dtos.TwoFactorLoginDto;True;False;False;False;False;False;False;False;False;False;False;False;False;False;False;False;[];"Exception has been thrown by the target of an invocation.";"Exception has been thrown by the target of an invocation.";"Sealed, BeforeFieldInit";False;False;True;False;True;False;False;False;False;False;False;True;False;True;False;False;True;False;False;False;False;False;False;False;False;False;True;False;False;System.Runtime.InteropServices.StructLayoutAttribute;"";System.RuntimeTypeHandle;9ba9894a-c542-32aa-b8a6-6d4f57e67690;System.Object;False;False;False;TwoFactorLoginDto;"[[System.Runtime.CompilerServices.NullableContextAttribute((Byte)1)], [System.Runtime.CompilerServices.NullableAttribute((Byte)0)]...]";False;33555071
Umbraco.Cms.Infrastructure.Persistence.Dtos.RedirectUrlDto;TypeInfo;Umbraco.Cms.Infrastructure.Persistence.Dtos;"Umbraco.Cms.Infrastructure.Persistence.Dtos.RedirectUrlDto, Umbraco.Infrastructure, Version=17.1.0.0, Culture=neutral, PublicKeyToken=null";Umbraco.Cms.Infrastructure.Persistence.Dtos.RedirectUrlDto;"Umbraco.Infrastructure, Version=17.1.0.0, Culture=neutral, PublicKeyToken=null";Umbraco.Infrastructure.dll;False;False;"";"Exception has been thrown by the target of an invocation.";"";Umbraco.Cms.Infrastructure.Persistence.Dtos.RedirectUrlDto;True;False;False;False;False;False;False;False;False;False;False;False;False;False;False;False;[];"Exception has been thrown by the target of an invocation.";"Exception has been thrown by the target of an invocation.";"Sealed, BeforeFieldInit";False;False;True;False;True;False;False;False;False;False;False;True;False;True;False;False;True;False;False;False;False;False;False;False;False;False;True;False;False;System.Runtime.InteropServices.StructLayoutAttribute;"";System.RuntimeTypeHandle;b38ec2af-c084-3e9c-b0e5-f3c46d81702c;System.Object;False;False;False;RedirectUrlDto;"[[System.Runtime.CompilerServices.NullableContextAttribute((Byte)1)], [System.Runtime.CompilerServices.NullableAttribute((Byte)0)]...]";False;33555063
Umbraco.Cms.Infrastructure.Persistence.Dtos.LockDto;TypeInfo;Umbraco.Cms.Infrastructure.Persistence.Dtos;"Umbraco.Cms.Infrastructure.Persistence.Dtos.LockDto, Umbraco.Infrastructure, Version=17.1.0.0, Culture=neutral, PublicKeyToken=null";Umbraco.Cms.Infrastructure.Persistence.Dtos.LockDto;"Umbraco.Infrastructure, Version=17.1.0.0, Culture=neutral, PublicKeyToken=null";Umbraco.Infrastructure.dll;False;False;"";"Exception has been thrown by the target of an invocation.";"";Umbraco.Cms.Infrastructure.Persistence.Dtos.LockDto;True;False;False;False;False;False;False;False;False;False;False;False;False;False;False;False;[];"Exception has been thrown by the target of an invocation.";"Exception has been thrown by the target of an invocation.";"Sealed, BeforeFieldInit";False;False;True;False;True;False;False;False;False;False;False;True;False;True;False;False;True;False;False;False;False;False;False;False;False;False;True;False;False;System.Runtime.InteropServices.StructLayoutAttribute;"";System.RuntimeTypeHandle;0daf843e-7b90-3630-942a-921b5aeac079;System.Object;False;False;False;LockDto;"[[System.Runtime.CompilerServices.NullableContextAttribute((Byte)1)], [System.Runtime.CompilerServices.NullableAttribute((Byte)0)]...]";False;33555046
Umbraco.Cms.Infrastructure.Persistence.Dtos.UserGroupDto;TypeInfo;Umbraco.Cms.Infrastructure.Persistence.Dtos;"Umbraco.Cms.Infrastructure.Persistence.Dtos.UserGroupDto, Umbraco.Infrastructure, Version=17.1.0.0, Culture=neutral, PublicKeyToken=null";Umbraco.Cms.Infrastructure.Persistence.Dtos.UserGroupDto;"Umbraco.Infrastructure, Version=17.1.0.0, Culture=neutral, PublicKeyToken=null";Umbraco.Infrastructure.dll;False;False;"";"Exception has been thrown by the target of an invocation.";"";Umbraco.Cms.Infrastructure.Persistence.Dtos.UserGroupDto;True;False;False;False;False;False;False;False;False;False;False;False;False;False;False;False;[];"Exception has been thrown by the target of an invocation.";"Exception has been thrown by the target of an invocation.";"Public, BeforeFieldInit";False;False;False;False;True;False;False;False;False;False;False;False;True;True;False;False;True;False;False;False;False;False;False;False;False;False;True;False;False;System.Runtime.InteropServices.StructLayoutAttribute;"";System.RuntimeTypeHandle;2600fa80-f414-394e-bc5e-c014d6125677;System.Object;False;False;True;UserGroupDto;"[[System.Runtime.CompilerServices.NullableContextAttribute((Byte)1)], [System.Runtime.CompilerServices.NullableAttribute((Byte)0)]...]";False;33555084
Umbraco.Cms.Infrastructure.Persistence.Dtos.User2UserGroupDto;TypeInfo;Umbraco.Cms.Infrastructure.Persistence.Dtos;"Umbraco.Cms.Infrastructure.Persistence.Dtos.User2UserGroupDto, Umbraco.Infrastructure, Version=17.1.0.0, Culture=neutral, PublicKeyToken=null";Umbraco.Cms.Infrastructure.Persistence.Dtos.User2UserGroupDto;"Umbraco.Infrastructure, Version=17.1.0.0, Culture=neutral, PublicKeyToken=null";Umbraco.Infrastructure.dll;False;False;"";"Exception has been thrown by the target of an invocation.";"";Umbraco.Cms.Infrastructure.Persistence.Dtos.User2UserGroupDto;True;False;False;False;False;False;False;False;False;False;False;False;False;False;False;False;[];"Exception has been thrown by the target of an invocation.";"Exception has been thrown by the target of an invocation.";"Public, BeforeFieldInit";False;False;False;False;True;False;False;False;False;False;False;False;True;True;False;False;True;False;False;False;False;False;False;False;False;False;True;False;False;System.Runtime.InteropServices.StructLayoutAttribute;"";System.RuntimeTypeHandle;8aa6e752-f202-3f2c-8178-9403c6a8cae9;System.Object;False;False;True;User2UserGroupDto;"[[NPoco.TableNameAttribute(""umbracoUser2UserGroup"")], [NPoco.ExplicitColumnsAttribute()]]";False;33555074
Umbraco.Cms.Infrastructure.Persistence.Dtos.UserGroup2AppDto;TypeInfo;Umbraco.Cms.Infrastructure.Persistence.Dtos;"Umbraco.Cms.Infrastructure.Persistence.Dtos.UserGroup2AppDto, Umbraco.Infrastructure, Version=17.1.0.0, Culture=neutral, PublicKeyToken=null";Umbraco.Cms.Infrastructure.Persistence.Dtos.UserGroup2AppDto;"Umbraco.Infrastructure, Version=17.1.0.0, Culture=neutral, PublicKeyToken=null";Umbraco.Infrastructure.dll;False;False;"";"Exception has been thrown by the target of an invocation.";"";Umbraco.Cms.Infrastructure.Persistence.Dtos.UserGroup2AppDto;True;False;False;False;False;False;False;False;False;False;False;False;False;False;False;False;[];"Exception has been thrown by the target of an invocation.";"Exception has been thrown by the target of an invocation.";"Public, BeforeFieldInit";False;False;False;False;True;False;False;False;False;False;False;False;True;True;False;False;True;False;False;False;False;False;False;False;False;False;True;False;False;System.Runtime.InteropServices.StructLayoutAttribute;"";System.RuntimeTypeHandle;d2db30e5-f71d-31da-96b1-1f3f7321bcdb;System.Object;False;False;True;UserGroup2AppDto;"[[System.Runtime.CompilerServices.NullableContextAttribute((Byte)1)], [System.Runtime.CompilerServices.NullableAttribute((Byte)0)]...]";False;33555077
Umbraco.Cms.Infrastructure.Persistence.Dtos.UserGroup2PermissionDto;TypeInfo;Umbraco.Cms.Infrastructure.Persistence.Dtos;"Umbraco.Cms.Infrastructure.Persistence.Dtos.UserGroup2PermissionDto, Umbraco.Infrastructure, Version=17.1.0.0, Culture=neutral, PublicKeyToken=null";Umbraco.Cms.Infrastructure.Persistence.Dtos.UserGroup2PermissionDto;"Umbraco.Infrastructure, Version=17.1.0.0, Culture=neutral, PublicKeyToken=null";Umbraco.Infrastructure.dll;False;False;"";"Exception has been thrown by the target of an invocation.";"";Umbraco.Cms.Infrastructure.Persistence.Dtos.UserGroup2PermissionDto;True;False;False;False;False;False;False;False;False;False;False;False;False;False;False;False;[];"Exception has been thrown by the target of an invocation.";"Exception has been thrown by the target of an invocation.";"Public, BeforeFieldInit";False;False;False;False;True;False;False;False;False;False;False;False;True;True;False;False;True;False;False;False;False;False;False;False;False;False;True;False;False;System.Runtime.InteropServices.StructLayoutAttribute;"";System.RuntimeTypeHandle;ab9947f8-86f8-326a-8221-1231457c4360;System.Object;False;False;True;UserGroup2PermissionDto;"[[System.Runtime.CompilerServices.NullableContextAttribute((Byte)1)], [System.Runtime.CompilerServices.NullableAttribute((Byte)0)]...]";False;33555083
Umbraco.Cms.Infrastructure.Persistence.Dtos.UserGroup2GranularPermissionDto;TypeInfo;Umbraco.Cms.Infrastructure.Persistence.Dtos;"Umbraco.Cms.Infrastructure.Persistence.Dtos.UserGroup2GranularPermissionDto, Umbraco.Infrastructure, Version=17.1.0.0, Culture=neutral, PublicKeyToken=null";Umbraco.Cms.Infrastructure.Persistence.Dtos.UserGroup2GranularPermissionDto;"Umbraco.Infrastructure, Version=17.1.0.0, Culture=neutral, PublicKeyToken=null";Umbraco.Infrastructure.dll;False;False;"";"Exception has been thrown by the target of an invocation.";"";Umbraco.Cms.Infrastructure.Persistence.Dtos.UserGroup2GranularPermissionDto;True;False;False;False;False;False;False;False;False;False;False;False;False;False;False;False;[];"Exception has been thrown by the target of an invocation.";"Exception has been thrown by the target of an invocation.";"Public, BeforeFieldInit";False;False;False;False;True;False;False;False;False;False;False;False;True;True;False;False;True;False;False;False;False;False;False;False;False;False;True;False;False;System.Runtime.InteropServices.StructLayoutAttribute;"";System.RuntimeTypeHandle;13e61b57-44f7-3ec7-846d-0289844fcb90;System.Object;False;False;True;UserGroup2GranularPermissionDto;"[[System.Runtime.CompilerServices.NullableContextAttribute((Byte)1)], [System.Runtime.CompilerServices.NullableAttribute((Byte)0)]...]";False;33555078
Umbraco.Cms.Infrastructure.Persistence.Dtos.UserStartNodeDto;TypeInfo;Umbraco.Cms.Infrastructure.Persistence.Dtos;"Umbraco.Cms.Infrastructure.Persistence.Dtos.UserStartNodeDto, Umbraco.Infrastructure, Version=17.1.0.0, Culture=neutral, PublicKeyToken=null";Umbraco.Cms.Infrastructure.Persistence.Dtos.UserStartNodeDto;"Umbraco.Infrastructure, Version=17.1.0.0, Culture=neutral, PublicKeyToken=null";Umbraco.Infrastructure.dll;False;False;"";"Exception has been thrown by the target of an invocation.";"";Umbraco.Cms.Infrastructure.Persistence.Dtos.UserStartNodeDto;True;False;False;False;False;False;False;False;False;False;False;False;False;False;False;False;[];"Exception has been thrown by the target of an invocation.";"Exception has been thrown by the target of an invocation.";"Public, BeforeFieldInit";False;False;False;False;True;False;False;False;False;False;False;False;True;True;False;False;True;False;False;False;False;False;False;False;False;False;True;False;False;System.Runtime.InteropServices.StructLayoutAttribute;"";System.RuntimeTypeHandle;56073150-9d7d-3b41-b5af-8771a4eeaba2;System.Object;False;False;True;UserStartNodeDto;"[[System.Runtime.CompilerServices.NullableContextAttribute((Byte)1)], [System.Runtime.CompilerServices.NullableAttribute((Byte)0)]...]";False;33555087
Umbraco.Cms.Infrastructure.Persistence.Dtos.ContentNuDto;TypeInfo;Umbraco.Cms.Infrastructure.Persistence.Dtos;"Umbraco.Cms.Infrastructure.Persistence.Dtos.ContentNuDto, Umbraco.Infrastructure, Version=17.1.0.0, Culture=neutral, PublicKeyToken=null";Umbraco.Cms.Infrastructure.Persistence.Dtos.ContentNuDto;"Umbraco.Infrastructure, Version=17.1.0.0, Culture=neutral, PublicKeyToken=null";Umbraco.Infrastructure.dll;False;False;"";"Exception has been thrown by the target of an invocation.";"";Umbraco.Cms.Infrastructure.Persistence.Dtos.ContentNuDto;True;False;False;False;False;False;False;False;False;False;False;False;False;False;False;False;[];"Exception has been thrown by the target of an invocation.";"Exception has been thrown by the target of an invocation.";"Public, BeforeFieldInit";False;False;False;False;True;False;False;False;False;False;False;False;True;True;False;False;True;False;False;False;False;False;False;False;False;False;True;False;False;System.Runtime.InteropServices.StructLayoutAttribute;"";System.RuntimeTypeHandle;52149289-ab89-3ed7-bc97-7ffc2e3f9540;System.Object;False;False;True;ContentNuDto;"[[System.Runtime.CompilerServices.NullableContextAttribute((Byte)2)], [System.Runtime.CompilerServices.NullableAttribute((Byte)0)]...]";False;33555022
Umbraco.Cms.Infrastructure.Persistence.Dtos.DocumentVersionDto;TypeInfo;Umbraco.Cms.Infrastructure.Persistence.Dtos;"Umbraco.Cms.Infrastructure.Persistence.Dtos.DocumentVersionDto, Umbraco.Infrastructure, Version=17.1.0.0, Culture=neutral, PublicKeyToken=null";Umbraco.Cms.Infrastructure.Persistence.Dtos.DocumentVersionDto;"Umbraco.Infrastructure, Version=17.1.0.0, Culture=neutral, PublicKeyToken=null";Umbraco.Infrastructure.dll;False;False;"";"Exception has been thrown by the target of an invocation.";"";Umbraco.Cms.Infrastructure.Persistence.Dtos.DocumentVersionDto;True;False;False;False;False;False;False;False;False;False;False;False;False;False;False;False;[];"Exception has been thrown by the target of an invocation.";"Exception has been thrown by the target of an invocation.";"Public, BeforeFieldInit";False;False;False;False;True;False;False;False;False;False;False;False;True;True;False;False;True;False;False;False;False;False;False;False;False;False;True;False;False;System.Runtime.InteropServices.StructLayoutAttribute;"";System.RuntimeTypeHandle;fa73d54d-9c9b-307c-b75b-a0e014055570;System.Object;False;False;True;DocumentVersionDto;"[[System.Runtime.CompilerServices.NullableContextAttribute((Byte)1)], [System.Runtime.CompilerServices.NullableAttribute((Byte)0)]...]";False;33555038
Umbraco.Cms.Infrastructure.Persistence.Dtos.DocumentUrlDto;TypeInfo;Umbraco.Cms.Infrastructure.Persistence.Dtos;"Umbraco.Cms.Infrastructure.Persistence.Dtos.DocumentUrlDto, Umbraco.Infrastructure, Version=17.1.0.0, Culture=neutral, PublicKeyToken=null";Umbraco.Cms.Infrastructure.Persistence.Dtos.DocumentUrlDto;"Umbraco.Infrastructure, Version=17.1.0.0, Culture=neutral, PublicKeyToken=null";Umbraco.Infrastructure.dll;False;False;"";"Exception has been thrown by the target of an invocation.";"";Umbraco.Cms.Infrastructure.Persistence.Dtos.DocumentUrlDto;True;False;False;False;False;False;False;False;False;False;False;False;False;False;False;False;[];"Exception has been thrown by the target of an invocation.";"Exception has been thrown by the target of an invocation.";"Public, BeforeFieldInit";False;False;False;False;True;False;False;False;False;False;False;False;True;True;False;False;True;False;False;False;False;False;False;False;False;False;True;False;False;System.Runtime.InteropServices.StructLayoutAttribute;"";System.RuntimeTypeHandle;60b4d6f2-095f-3e52-b139-82562a0c38a9;System.Object;False;False;True;DocumentUrlDto;"[[System.Runtime.CompilerServices.NullableContextAttribute((Byte)1)], [System.Runtime.CompilerServices.NullableAttribute((Byte)0)]...]";False;33555037
Umbraco.Cms.Infrastructure.Persistence.Dtos.KeyValueDto;TypeInfo;Umbraco.Cms.Infrastructure.Persistence.Dtos;"Umbraco.Cms.Infrastructure.Persistence.Dtos.KeyValueDto, Umbraco.Infrastructure, Version=17.1.0.0, Culture=neutral, PublicKeyToken=null";Umbraco.Cms.Infrastructure.Persistence.Dtos.KeyValueDto;"Umbraco.Infrastructure, Version=17.1.0.0, Culture=neutral, PublicKeyToken=null";Umbraco.Infrastructure.dll;False;False;"";"Exception has been thrown by the target of an invocation.";"";Umbraco.Cms.Infrastructure.Persistence.Dtos.KeyValueDto;True;False;False;False;False;False;False;False;False;False;False;False;False;False;False;False;[];"Exception has been thrown by the target of an invocation.";"Exception has been thrown by the target of an invocation.";"Sealed, BeforeFieldInit";False;False;True;False;True;False;False;False;False;False;False;True;False;True;False;False;True;False;False;False;False;False;False;False;False;False;True;False;False;System.Runtime.InteropServices.StructLayoutAttribute;"";System.RuntimeTypeHandle;158d04c9-71a7-33f2-9cb5-136cb6d613f3;System.Object;False;False;False;KeyValueDto;"[[System.Runtime.CompilerServices.NullableContextAttribute((Byte)1)], [System.Runtime.CompilerServices.NullableAttribute((Byte)0)]...]";False;33555042
Umbraco.Cms.Infrastructure.Persistence.Dtos.UserLoginDto;TypeInfo;Umbraco.Cms.Infrastructure.Persistence.Dtos;"Umbraco.Cms.Infrastructure.Persistence.Dtos.UserLoginDto, Umbraco.Infrastructure, Version=17.1.0.0, Culture=neutral, PublicKeyToken=null";Umbraco.Cms.Infrastructure.Persistence.Dtos.UserLoginDto;"Umbraco.Infrastructure, Version=17.1.0.0, Culture=neutral, PublicKeyToken=null";Umbraco.Infrastructure.dll;False;False;"";"Exception has been thrown by the target of an invocation.";"";Umbraco.Cms.Infrastructure.Persistence.Dtos.UserLoginDto;True;False;False;False;False;False;False;False;False;False;False;False;False;False;False;False;[];"Exception has been thrown by the target of an invocation.";"Exception has been thrown by the target of an invocation.";"Sealed, BeforeFieldInit";False;False;True;False;True;False;False;False;False;False;False;True;False;True;False;False;True;False;False;False;False;False;False;False;False;False;True;False;False;System.Runtime.InteropServices.StructLayoutAttribute;"";System.RuntimeTypeHandle;02090aeb-b9d5-36cb-884b-e1d568e9da29;System.Object;False;False;False;UserLoginDto;"[[System.Runtime.CompilerServices.NullableContextAttribute((Byte)2)], [System.Runtime.CompilerServices.NullableAttribute((Byte)0)]...]";False;33555085
Umbraco.Cms.Infrastructure.Persistence.Dtos.ConsentDto;TypeInfo;Umbraco.Cms.Infrastructure.Persistence.Dtos;"Umbraco.Cms.Infrastructure.Persistence.Dtos.ConsentDto, Umbraco.Infrastructure, Version=17.1.0.0, Culture=neutral, PublicKeyToken=null";Umbraco.Cms.Infrastructure.Persistence.Dtos.ConsentDto;"Umbraco.Infrastructure, Version=17.1.0.0, Culture=neutral, PublicKeyToken=null";Umbraco.Infrastructure.dll;False;False;"";"Exception has been thrown by the target of an invocation.";"";Umbraco.Cms.Infrastructure.Persistence.Dtos.ConsentDto;True;False;False;False;False;False;False;False;False;False;False;False;False;False;False;False;[];"Exception has been thrown by the target of an invocation.";"Exception has been thrown by the target of an invocation.";"Public, BeforeFieldInit";False;False;False;False;True;False;False;False;False;False;False;False;True;True;False;False;True;False;False;False;False;False;False;False;False;False;True;False;False;System.Runtime.InteropServices.StructLayoutAttribute;"";System.RuntimeTypeHandle;859fab11-f276-33c8-b354-88da9ed8da18;System.Object;False;False;True;ConsentDto;"[[System.Runtime.CompilerServices.NullableContextAttribute((Byte)2)], [System.Runtime.CompilerServices.NullableAttribute((Byte)0)]...]";False;33555020
Umbraco.Cms.Infrastructure.Persistence.Dtos.AuditEntryDto;TypeInfo;Umbraco.Cms.Infrastructure.Persistence.Dtos;"Umbraco.Cms.Infrastructure.Persistence.Dtos.AuditEntryDto, Umbraco.Infrastructure, Version=17.1.0.0, Culture=neutral, PublicKeyToken=null";Umbraco.Cms.Infrastructure.Persistence.Dtos.AuditEntryDto;"Umbraco.Infrastructure, Version=17.1.0.0, Culture=neutral, PublicKeyToken=null";Umbraco.Infrastructure.dll;False;False;"";"Exception has been thrown by the target of an invocation.";"";Umbraco.Cms.Infrastructure.Persistence.Dtos.AuditEntryDto;True;False;False;False;False;False;False;False;False;False;False;False;False;False;False;False;[];"Exception has been thrown by the target of an invocation.";"Exception has been thrown by the target of an invocation.";"Sealed, BeforeFieldInit";False;False;True;False;True;False;False;False;False;False;False;True;False;True;False;False;True;False;False;False;False;False;False;False;False;False;True;False;False;System.Runtime.InteropServices.StructLayoutAttribute;"";System.RuntimeTypeHandle;8c524dc0-a9cf-3922-8773-7853ff15e819;System.Object;False;False;False;AuditEntryDto;"[[System.Runtime.CompilerServices.NullableContextAttribute((Byte)2)], [System.Runtime.CompilerServices.NullableAttribute((Byte)0)]...]";False;33555017
Umbraco.Cms.Infrastructure.Persistence.Dtos.ContentVersionCultureVariationDto;TypeInfo;Umbraco.Cms.Infrastructure.Persistence.Dtos;"Umbraco.Cms.Infrastructure.Persistence.Dtos.ContentVersionCultureVariationDto, Umbraco.Infrastructure, Version=17.1.0.0, Culture=neutral, PublicKeyToken=null";Umbraco.Cms.Infrastructure.Persistence.Dtos.ContentVersionCultureVariationDto;"Umbraco.Infrastructure, Version=17.1.0.0, Culture=neutral, PublicKeyToken=null";Umbraco.Infrastructure.dll;False;False;"";"Exception has been thrown by the target of an invocation.";"";Umbraco.Cms.Infrastructure.Persistence.Dtos.ContentVersionCultureVariationDto;True;False;False;False;False;False;False;False;False;False;False;False;False;False;False;False;[];"Exception has been thrown by the target of an invocation.";"Exception has been thrown by the target of an invocation.";"Sealed, BeforeFieldInit";False;False;True;False;True;False;False;False;False;False;False;True;False;True;False;False;True;False;False;False;False;False;False;False;False;False;True;False;False;System.Runtime.InteropServices.StructLayoutAttribute;"";System.RuntimeTypeHandle;160a5e34-fb23-3d8c-8946-44c4e4323e41;System.Object;False;False;False;ContentVersionCultureVariationDto;"[[System.Runtime.CompilerServices.NullableContextAttribute((Byte)2)], [System.Runtime.CompilerServices.NullableAttribute((Byte)0)]...]";False;33555029
Umbraco.Cms.Infrastructure.Persistence.Dtos.DocumentCultureVariationDto;TypeInfo;Umbraco.Cms.Infrastructure.Persistence.Dtos;"Umbraco.Cms.Infrastructure.Persistence.Dtos.DocumentCultureVariationDto, Umbraco.Infrastructure, Version=17.1.0.0, Culture=neutral, PublicKeyToken=null";Umbraco.Cms.Infrastructure.Persistence.Dtos.DocumentCultureVariationDto;"Umbraco.Infrastructure, Version=17.1.0.0, Culture=neutral, PublicKeyToken=null";Umbraco.Infrastructure.dll;False;False;"";"Exception has been thrown by the target of an invocation.";"";Umbraco.Cms.Infrastructure.Persistence.Dtos.DocumentCultureVariationDto;True;False;False;False;False;False;False;False;False;False;False;False;False;False;False;False;[];"Exception has been thrown by the target of an invocation.";"Exception has been thrown by the target of an invocation.";"Sealed, BeforeFieldInit";False;False;True;False;True;False;False;False;False;False;False;True;False;True;False;False;True;False;False;False;False;False;False;False;False;False;True;False;False;System.Runtime.InteropServices.StructLayoutAttribute;"";System.RuntimeTypeHandle;4d3cea30-97b6-3a16-bc1e-a3db88554050;System.Object;False;False;False;DocumentCultureVariationDto;"[[System.Runtime.CompilerServices.NullableContextAttribute((Byte)2)], [System.Runtime.CompilerServices.NullableAttribute((Byte)0)]...]";False;33555035
Umbraco.Cms.Infrastructure.Persistence.Dtos.ContentScheduleDto;TypeInfo;Umbraco.Cms.Infrastructure.Persistence.Dtos;"Umbraco.Cms.Infrastructure.Persistence.Dtos.ContentScheduleDto, Umbraco.Infrastructure, Version=17.1.0.0, Culture=neutral, PublicKeyToken=null";Umbraco.Cms.Infrastructure.Persistence.Dtos.ContentScheduleDto;"Umbraco.Infrastructure, Version=17.1.0.0, Culture=neutral, PublicKeyToken=null";Umbraco.Infrastructure.dll;False;False;"";"Exception has been thrown by the target of an invocation.";"";Umbraco.Cms.Infrastructure.Persistence.Dtos.ContentScheduleDto;True;False;False;False;False;False;False;False;False;False;False;False;False;False;False;False;[];"Exception has been thrown by the target of an invocation.";"Exception has been thrown by the target of an invocation.";"Sealed, BeforeFieldInit";False;False;True;False;True;False;False;False;False;False;False;True;False;True;False;False;True;False;False;False;False;False;False;False;False;False;True;False;False;System.Runtime.InteropServices.StructLayoutAttribute;"";System.RuntimeTypeHandle;cb7b5a41-d91c-3f24-9cd6-a65816e35f69;System.Object;False;False;False;ContentScheduleDto;"[[System.Runtime.CompilerServices.NullableContextAttribute((Byte)2)], [System.Runtime.CompilerServices.NullableAttribute((Byte)0)]...]";False;33555023
Umbraco.Cms.Infrastructure.Persistence.Dtos.LogViewerQueryDto;TypeInfo;Umbraco.Cms.Infrastructure.Persistence.Dtos;"Umbraco.Cms.Infrastructure.Persistence.Dtos.LogViewerQueryDto, Umbraco.Infrastructure, Version=17.1.0.0, Culture=neutral, PublicKeyToken=null";Umbraco.Cms.Infrastructure.Persistence.Dtos.LogViewerQueryDto;"Umbraco.Infrastructure, Version=17.1.0.0, Culture=neutral, PublicKeyToken=null";Umbraco.Infrastructure.dll;False;False;"";"Exception has been thrown by the target of an invocation.";"";Umbraco.Cms.Infrastructure.Persistence.Dtos.LogViewerQueryDto;True;False;False;False;False;False;False;False;False;False;False;False;False;False;False;False;[];"Exception has been thrown by the target of an invocation.";"Exception has been thrown by the target of an invocation.";"Sealed, BeforeFieldInit";False;False;True;False;True;False;False;False;False;False;False;True;False;True;False;False;True;False;False;False;False;False;False;False;False;False;True;False;False;System.Runtime.InteropServices.StructLayoutAttribute;"";System.RuntimeTypeHandle;0cce5fdb-2e7e-350a-aeba-dbeb069051f9;System.Object;False;False;False;LogViewerQueryDto;"[[System.Runtime.CompilerServices.NullableContextAttribute((Byte)1)], [System.Runtime.CompilerServices.NullableAttribute((Byte)0)]...]";False;33555048
Umbraco.Cms.Infrastructure.Persistence.Dtos.ContentVersionCleanupPolicyDto;TypeInfo;Umbraco.Cms.Infrastructure.Persistence.Dtos;"Umbraco.Cms.Infrastructure.Persistence.Dtos.ContentVersionCleanupPolicyDto, Umbraco.Infrastructure, Version=17.1.0.0, Culture=neutral, PublicKeyToken=null";Umbraco.Cms.Infrastructure.Persistence.Dtos.ContentVersionCleanupPolicyDto;"Umbraco.Infrastructure, Version=17.1.0.0, Culture=neutral, PublicKeyToken=null";Umbraco.Infrastructure.dll;False;False;"";"Exception has been thrown by the target of an invocation.";"";Umbraco.Cms.Infrastructure.Persistence.Dtos.ContentVersionCleanupPolicyDto;True;False;False;False;False;False;False;False;False;False;False;False;False;False;False;False;[];"Exception has been thrown by the target of an invocation.";"Exception has been thrown by the target of an invocation.";"Sealed, BeforeFieldInit";False;False;True;False;True;False;False;False;False;False;False;True;False;True;False;False;True;False;False;False;False;False;False;False;False;False;True;False;False;System.Runtime.InteropServices.StructLayoutAttribute;"";System.RuntimeTypeHandle;95588aaa-b831-3259-9d42-11e8d50fa720;System.Object;False;False;False;ContentVersionCleanupPolicyDto;"[[NPoco.TableNameAttribute(""umbracoContentVersionCleanupPolicy"")]...]";False;33555028
Umbraco.Cms.Infrastructure.Persistence.Dtos.CreatedPackageSchemaDto;TypeInfo;Umbraco.Cms.Infrastructure.Persistence.Dtos;"Umbraco.Cms.Infrastructure.Persistence.Dtos.CreatedPackageSchemaDto, Umbraco.Infrastructure, Version=17.1.0.0, Culture=neutral, PublicKeyToken=null";Umbraco.Cms.Infrastructure.Persistence.Dtos.CreatedPackageSchemaDto;"Umbraco.Infrastructure, Version=17.1.0.0, Culture=neutral, PublicKeyToken=null";Umbraco.Infrastructure.dll;False;False;"";"Exception has been thrown by the target of an invocation.";"";Umbraco.Cms.Infrastructure.Persistence.Dtos.CreatedPackageSchemaDto;True;False;False;False;False;False;False;False;False;False;False;False;False;False;False;False;[];"Exception has been thrown by the target of an invocation.";"Exception has been thrown by the target of an invocation.";"Public, BeforeFieldInit";False;False;False;False;True;False;False;False;False;False;False;False;True;True;False;False;True;False;False;False;False;False;False;False;False;False;True;False;False;System.Runtime.InteropServices.StructLayoutAttribute;"";System.RuntimeTypeHandle;753f3737-e3a5-325e-a291-3739336a0b22;System.Object;False;False;True;CreatedPackageSchemaDto;"[[System.Runtime.CompilerServices.NullableContextAttribute((Byte)1)], [System.Runtime.CompilerServices.NullableAttribute((Byte)0)]...]";False;33555031
Umbraco.Cms.Infrastructure.Persistence.Dtos.UserGroup2LanguageDto;TypeInfo;Umbraco.Cms.Infrastructure.Persistence.Dtos;"Umbraco.Cms.Infrastructure.Persistence.Dtos.UserGroup2LanguageDto, Umbraco.Infrastructure, Version=17.1.0.0, Culture=neutral, PublicKeyToken=null";Umbraco.Cms.Infrastructure.Persistence.Dtos.UserGroup2LanguageDto;"Umbraco.Infrastructure, Version=17.1.0.0, Culture=neutral, PublicKeyToken=null";Umbraco.Infrastructure.dll;False;False;"";"Exception has been thrown by the target of an invocation.";"";Umbraco.Cms.Infrastructure.Persistence.Dtos.UserGroup2LanguageDto;True;False;False;False;False;False;False;False;False;False;False;False;False;False;False;False;[];"Exception has been thrown by the target of an invocation.";"Exception has been thrown by the target of an invocation.";"Public, BeforeFieldInit";False;False;False;False;True;False;False;False;False;False;False;False;True;True;False;False;True;False;False;False;False;False;False;False;False;False;True;False;False;System.Runtime.InteropServices.StructLayoutAttribute;"";System.RuntimeTypeHandle;0c37635f-6b42-3c9c-b80f-1292845178df;System.Object;False;False;True;UserGroup2LanguageDto;"[[NPoco.TableNameAttribute(""umbracoUserGroup2Language"")], [NPoco.ExplicitColumnsAttribute()]]";False;33555080
Umbraco.Cms.Infrastructure.Persistence.Dtos.WebhookDto;TypeInfo;Umbraco.Cms.Infrastructure.Persistence.Dtos;"Umbraco.Cms.Infrastructure.Persistence.Dtos.WebhookDto, Umbraco.Infrastructure, Version=17.1.0.0, Culture=neutral, PublicKeyToken=null";Umbraco.Cms.Infrastructure.Persistence.Dtos.WebhookDto;"Umbraco.Infrastructure, Version=17.1.0.0, Culture=neutral, PublicKeyToken=null";Umbraco.Infrastructure.dll;False;False;"";"Exception has been thrown by the target of an invocation.";"";Umbraco.Cms.Infrastructure.Persistence.Dtos.WebhookDto;True;False;False;False;False;False;False;False;False;False;False;False;False;False;False;False;[];"Exception has been thrown by the target of an invocation.";"Exception has been thrown by the target of an invocation.";"Sealed, BeforeFieldInit";False;False;True;False;True;False;False;False;False;False;False;True;False;True;False;False;True;False;False;False;False;False;False;False;False;False;True;False;False;System.Runtime.InteropServices.StructLayoutAttribute;"";System.RuntimeTypeHandle;4f13d85c-73e7-3f05-b867-e23e3ccb223b;System.Object;False;False;False;WebhookDto;"[[System.Runtime.CompilerServices.NullableContextAttribute((Byte)1)], [System.Runtime.CompilerServices.NullableAttribute((Byte)0)]...]";False;33555091
Umbraco.Cms.Infrastructure.Persistence.Dtos.Webhook2ContentTypeKeysDto;TypeInfo;Umbraco.Cms.Infrastructure.Persistence.Dtos;"Umbraco.Cms.Infrastructure.Persistence.Dtos.Webhook2ContentTypeKeysDto, Umbraco.Infrastructure, Version=17.1.0.0, Culture=neutral, PublicKeyToken=null";Umbraco.Cms.Infrastructure.Persistence.Dtos.Webhook2ContentTypeKeysDto;"Umbraco.Infrastructure, Version=17.1.0.0, Culture=neutral, PublicKeyToken=null";Umbraco.Infrastructure.dll;False;False;"";"Exception has been thrown by the target of an invocation.";"";Umbraco.Cms.Infrastructure.Persistence.Dtos.Webhook2ContentTypeKeysDto;True;False;False;False;False;False;False;False;False;False;False;False;False;False;False;False;[];"Exception has been thrown by the target of an invocation.";"Exception has been thrown by the target of an invocation.";"Public, BeforeFieldInit";False;False;False;False;True;False;False;False;False;False;False;False;True;True;False;False;True;False;False;False;False;False;False;False;False;False;True;False;False;System.Runtime.InteropServices.StructLayoutAttribute;"";System.RuntimeTypeHandle;5bbcef61-6d70-3220-8a81-f23b718f44bf;System.Object;False;False;True;Webhook2ContentTypeKeysDto;"[[NPoco.TableNameAttribute(""umbracoWebhook2ContentTypeKeys"")], [NPoco.ExplicitColumnsAttribute()]]";False;33555088
Umbraco.Cms.Infrastructure.Persistence.Dtos.Webhook2EventsDto;TypeInfo;Umbraco.Cms.Infrastructure.Persistence.Dtos;"Umbraco.Cms.Infrastructure.Persistence.Dtos.Webhook2EventsDto, Umbraco.Infrastructure, Version=17.1.0.0, Culture=neutral, PublicKeyToken=null";Umbraco.Cms.Infrastructure.Persistence.Dtos.Webhook2EventsDto;"Umbraco.Infrastructure, Version=17.1.0.0, Culture=neutral, PublicKeyToken=null";Umbraco.Infrastructure.dll;False;False;"";"Exception has been thrown by the target of an invocation.";"";Umbraco.Cms.Infrastructure.Persistence.Dtos.Webhook2EventsDto;True;False;False;False;False;False;False;False;False;False;False;False;False;False;False;False;[];"Exception has been thrown by the target of an invocation.";"Exception has been thrown by the target of an invocation.";"Public, BeforeFieldInit";False;False;False;False;True;False;False;False;False;False;False;False;True;True;False;False;True;False;False;False;False;False;False;False;False;False;True;False;False;System.Runtime.InteropServices.StructLayoutAttribute;"";System.RuntimeTypeHandle;dd5889c0-527f-321a-bccc-d4c7013562ee;System.Object;False;False;True;Webhook2EventsDto;"[[System.Runtime.CompilerServices.NullableContextAttribute((Byte)1)], [System.Runtime.CompilerServices.NullableAttribute((Byte)0)]...]";False;33555089
Umbraco.Cms.Infrastructure.Persistence.Dtos.Webhook2HeadersDto;TypeInfo;Umbraco.Cms.Infrastructure.Persistence.Dtos;"Umbraco.Cms.Infrastructure.Persistence.Dtos.Webhook2HeadersDto, Umbraco.Infrastructure, Version=17.1.0.0, Culture=neutral, PublicKeyToken=null";Umbraco.Cms.Infrastructure.Persistence.Dtos.Webhook2HeadersDto;"Umbraco.Infrastructure, Version=17.1.0.0, Culture=neutral, PublicKeyToken=null";Umbraco.Infrastructure.dll;False;False;"";"Exception has been thrown by the target of an invocation.";"";Umbraco.Cms.Infrastructure.Persistence.Dtos.Webhook2HeadersDto;True;False;False;False;False;False;False;False;False;False;False;False;False;False;False;False;[];"Exception has been thrown by the target of an invocation.";"Exception has been thrown by the target of an invocation.";"Public, BeforeFieldInit";False;False;False;False;True;False;False;False;False;False;False;False;True;True;False;False;True;False;False;False;False;False;False;False;False;False;True;False;False;System.Runtime.InteropServices.StructLayoutAttribute;"";System.RuntimeTypeHandle;3e0bcbb1-8241-30b8-8b9b-d3db0b42f712;System.Object;False;False;True;Webhook2HeadersDto;"[[System.Runtime.CompilerServices.NullableContextAttribute((Byte)1)], [System.Runtime.CompilerServices.NullableAttribute((Byte)0)]...]";False;33555090
Umbraco.Cms.Infrastructure.Persistence.Dtos.WebhookLogDto;TypeInfo;Umbraco.Cms.Infrastructure.Persistence.Dtos;"Umbraco.Cms.Infrastructure.Persistence.Dtos.WebhookLogDto, Umbraco.Infrastructure, Version=17.1.0.0, Culture=neutral, PublicKeyToken=null";Umbraco.Cms.Infrastructure.Persistence.Dtos.WebhookLogDto;"Umbraco.Infrastructure, Version=17.1.0.0, Culture=neutral, PublicKeyToken=null";Umbraco.Infrastructure.dll;False;False;"";"Exception has been thrown by the target of an invocation.";"";Umbraco.Cms.Infrastructure.Persistence.Dtos.WebhookLogDto;True;False;False;False;False;False;False;False;False;False;False;False;False;False;False;False;[];"Exception has been thrown by the target of an invocation.";"Exception has been thrown by the target of an invocation.";"Sealed, BeforeFieldInit";False;False;True;False;True;False;False;False;False;False;False;True;False;True;False;False;True;False;False;False;False;False;False;False;False;False;True;False;False;System.Runtime.InteropServices.StructLayoutAttribute;"";System.RuntimeTypeHandle;165b727e-e7ce-320f-8852-6c175e1522e4;System.Object;False;False;False;WebhookLogDto;"[[System.Runtime.CompilerServices.NullableContextAttribute((Byte)1)], [System.Runtime.CompilerServices.NullableAttribute((Byte)0)]...]";False;33555092
Umbraco.Cms.Infrastructure.Persistence.Dtos.WebhookRequestDto;TypeInfo;Umbraco.Cms.Infrastructure.Persistence.Dtos;"Umbraco.Cms.Infrastructure.Persistence.Dtos.WebhookRequestDto, Umbraco.Infrastructure, Version=17.1.0.0, Culture=neutral, PublicKeyToken=null";Umbraco.Cms.Infrastructure.Persistence.Dtos.WebhookRequestDto;"Umbraco.Infrastructure, Version=17.1.0.0, Culture=neutral, PublicKeyToken=null";Umbraco.Infrastructure.dll;False;False;"";"Exception has been thrown by the target of an invocation.";"";Umbraco.Cms.Infrastructure.Persistence.Dtos.WebhookRequestDto;True;False;False;False;False;False;False;False;False;False;False;False;False;False;False;False;[];"Exception has been thrown by the target of an invocation.";"Exception has been thrown by the target of an invocation.";"Public, BeforeFieldInit";False;False;False;False;True;False;False;False;False;False;False;False;True;True;False;False;True;False;False;False;False;False;False;False;False;False;True;False;False;System.Runtime.InteropServices.StructLayoutAttribute;"";System.RuntimeTypeHandle;fbdc690a-a915-3cc1-b7d2-2a5072ed0beb;System.Object;False;False;True;WebhookRequestDto;"[[System.Runtime.CompilerServices.NullableContextAttribute((Byte)1)], [System.Runtime.CompilerServices.NullableAttribute((Byte)0)]...]";False;33555093
Umbraco.Cms.Infrastructure.Persistence.Dtos.UserDataDto;TypeInfo;Umbraco.Cms.Infrastructure.Persistence.Dtos;"Umbraco.Cms.Infrastructure.Persistence.Dtos.UserDataDto, Umbraco.Infrastructure, Version=17.1.0.0, Culture=neutral, PublicKeyToken=null";Umbraco.Cms.Infrastructure.Persistence.Dtos.UserDataDto;"Umbraco.Infrastructure, Version=17.1.0.0, Culture=neutral, PublicKeyToken=null";Umbraco.Infrastructure.dll;False;False;"";"Exception has been thrown by the target of an invocation.";"";Umbraco.Cms.Infrastructure.Persistence.Dtos.UserDataDto;True;False;False;False;False;False;False;False;False;False;False;False;False;False;False;False;[];"Exception has been thrown by the target of an invocation.";"Exception has been thrown by the target of an invocation.";"Public, BeforeFieldInit";False;False;False;False;True;False;False;False;False;False;False;False;True;True;False;False;True;False;False;False;False;False;False;False;False;False;True;False;False;System.Runtime.InteropServices.StructLayoutAttribute;"";System.RuntimeTypeHandle;ab97fee4-2806-3b5b-a076-e58ed427b612;System.Object;False;False;True;UserDataDto;"[[System.Runtime.CompilerServices.NullableContextAttribute((Byte)1)], [System.Runtime.CompilerServices.NullableAttribute((Byte)0)]...]";False;33555075
Umbraco.Cms.Infrastructure.Persistence.Dtos.LongRunningOperationDto;TypeInfo;Umbraco.Cms.Infrastructure.Persistence.Dtos;"Umbraco.Cms.Infrastructure.Persistence.Dtos.LongRunningOperationDto, Umbraco.Infrastructure, Version=17.1.0.0, Culture=neutral, PublicKeyToken=null";Umbraco.Cms.Infrastructure.Persistence.Dtos.LongRunningOperationDto;"Umbraco.Infrastructure, Version=17.1.0.0, Culture=neutral, PublicKeyToken=null";Umbraco.Infrastructure.dll;False;False;"";"Exception has been thrown by the target of an invocation.";"";Umbraco.Cms.Infrastructure.Persistence.Dtos.LongRunningOperationDto;True;False;False;False;False;False;False;False;False;False;False;False;False;False;False;False;[];"Exception has been thrown by the target of an invocation.";"Exception has been thrown by the target of an invocation.";BeforeFieldInit;False;False;False;False;True;False;False;False;False;False;False;True;False;True;False;False;True;False;False;False;False;False;False;False;False;False;True;False;False;System.Runtime.InteropServices.StructLayoutAttribute;"";System.RuntimeTypeHandle;a1a52cb0-09bb-38b1-954c-cd5decb5181c;System.Object;False;False;False;LongRunningOperationDto;"[[System.Runtime.CompilerServices.NullableContextAttribute((Byte)1)], [System.Runtime.CompilerServices.NullableAttribute((Byte)0)]...]";False;33555049
Umbraco.Cms.Infrastructure.Persistence.Dtos.DistributedJobDto;TypeInfo;Umbraco.Cms.Infrastructure.Persistence.Dtos;"Umbraco.Cms.Infrastructure.Persistence.Dtos.DistributedJobDto, Umbraco.Infrastructure, Version=17.1.0.0, Culture=neutral, PublicKeyToken=null";Umbraco.Cms.Infrastructure.Persistence.Dtos.DistributedJobDto;"Umbraco.Infrastructure, Version=17.1.0.0, Culture=neutral, PublicKeyToken=null";Umbraco.Infrastructure.dll;False;False;"";"Exception has been thrown by the target of an invocation.";"";Umbraco.Cms.Infrastructure.Persistence.Dtos.DistributedJobDto;True;False;False;False;False;False;False;False;False;False;False;False;False;False;False;False;[];"Exception has been thrown by the target of an invocation.";"Exception has been thrown by the target of an invocation.";"Sealed, BeforeFieldInit";False;False;True;False;True;False;False;False;False;False;False;True;False;True;False;False;True;False;False;False;False;False;False;False;False;False;True;False;False;System.Runtime.InteropServices.StructLayoutAttribute;"";System.RuntimeTypeHandle;80f8709e-607e-3347-aa48-01ec28dc6022;System.Object;False;False;False;DistributedJobDto;"[[System.Runtime.CompilerServices.NullableContextAttribute((Byte)1)], [System.Runtime.CompilerServices.NullableAttribute((Byte)0)]...]";False;33555034
Umbraco.Cms.Infrastructure.Persistence.Dtos.LastSyncedDto;TypeInfo;Umbraco.Cms.Infrastructure.Persistence.Dtos;"Umbraco.Cms.Infrastructure.Persistence.Dtos.LastSyncedDto, Umbraco.Infrastructure, Version=17.1.0.0, Culture=neutral, PublicKeyToken=null";Umbraco.Cms.Infrastructure.Persistence.Dtos.LastSyncedDto;"Umbraco.Infrastructure, Version=17.1.0.0, Culture=neutral, PublicKeyToken=null";Umbraco.Infrastructure.dll;False;False;"";"Exception has been thrown by the target of an invocation.";"";Umbraco.Cms.Infrastructure.Persistence.Dtos.LastSyncedDto;True;False;False;False;False;False;False;False;False;False;False;False;False;False;False;False;[];"Exception has been thrown by the target of an invocation.";"Exception has been thrown by the target of an invocation.";"Public, BeforeFieldInit";False;False;False;False;True;False;False;False;False;False;False;False;True;True;False;False;True;False;False;False;False;False;False;False;False;False;True;False;False;System.Runtime.InteropServices.StructLayoutAttribute;"";System.RuntimeTypeHandle;695acacd-99df-3266-926b-6253dff47ebf;System.Object;False;False;True;LastSyncedDto;"[[System.Runtime.CompilerServices.NullableContextAttribute((Byte)1)], [System.Runtime.CompilerServices.NullableAttribute((Byte)0)]...]";False;33555045
Umbraco.Cms.Infrastructure.Persistence.Dtos.RepositoryCacheVersionDto;TypeInfo;Umbraco.Cms.Infrastructure.Persistence.Dtos;"Umbraco.Cms.Infrastructure.Persistence.Dtos.RepositoryCacheVersionDto, Umbraco.Infrastructure, Version=17.1.0.0, Culture=neutral, PublicKeyToken=null";Umbraco.Cms.Infrastructure.Persistence.Dtos.RepositoryCacheVersionDto;"Umbraco.Infrastructure, Version=17.1.0.0, Culture=neutral, PublicKeyToken=null";Umbraco.Infrastructure.dll;False;False;"";"Exception has been thrown by the target of an invocation.";"";Umbraco.Cms.Infrastructure.Persistence.Dtos.RepositoryCacheVersionDto;True;False;False;False;False;False;False;False;False;False;False;False;False;False;False;False;[];"Exception has been thrown by the target of an invocation.";"Exception has been thrown by the target of an invocation.";"Public, BeforeFieldInit";False;False;False;False;True;False;False;False;False;False;False;False;True;True;False;False;True;False;False;False;False;False;False;False;False;False;True;False;False;System.Runtime.InteropServices.StructLayoutAttribute;"";System.RuntimeTypeHandle;ed31b3ef-ba62-360d-989c-09f3cfcbdc6b;System.Object;False;False;True;RepositoryCacheVersionDto;"[[System.Runtime.CompilerServices.NullableContextAttribute((Byte)1)], [System.Runtime.CompilerServices.NullableAttribute((Byte)0)]...]";False;33555066
